i,A_i,j,A_j,fn,cn
129,F,131,K,0,2.978298
151,D,174,E,0,2.492234
138,D,141,A,0,2.474682
175,E,178,A,0,2.462878
141,A,192,N,0,2.452096
153,L,174,E,0,2.4085650000000003
149,F,185,A,0,2.230486
149,F,186,L,0,2.066847
127,N,172,H,0,2.0584029999999998
197,Y,199,A,0,1.962007
187,N,188,G,0,1.872771
131,K,197,Y,0,1.8533060000000001
181,E,185,A,0,1.8280310000000002
156,K,158,A,0,1.8144799999999999
158,A,168,F,0,1.812817
160,D,162,N,0,1.78877
145,T,189,M,0,1.7629540000000001
190,L,195,E,0,1.754947
180,K,200,P,0,1.6713169999999997
139,N,143,Y,0,1.6417380000000001
146,F,171,V,0,1.609105
135,P,194,Q,0,1.607721
151,D,178,A,0,1.599919
176,E,180,K,0,1.582943
191,L,196,I,0,1.559353
134,H,136,D,0,1.5558450000000001
154,S,172,H,0,1.555186
126,G,179,A,0,1.553758
175,E,177,G,0,1.539398
186,L,189,M,0,1.533615
154,S,156,K,0,1.496308
176,E,200,P,0,1.4735850000000001
153,L,172,H,0,1.4683899999999999
143,Y,147,S,0,1.463997
174,E,178,A,0,1.4622879999999998
157,I,165,S,0,1.4564270000000001
128,I,183,I,0,1.421812
160,D,161,E,0,1.382318
188,G,195,E,0,1.355796
145,T,191,L,0,1.351625
179,A,200,P,0,1.350659
183,I,200,P,0,1.3489389999999999
134,H,137,I,0,1.342176
130,I,146,F,0,1.326566
161,E,162,N,0,1.321286
150,G,152,I,0,1.308463
142,L,169,G,0,1.297436
180,K,184,D,0,1.292967
136,D,192,N,0,1.270775
151,D,153,L,0,1.257475
128,I,179,A,0,1.252805
137,I,191,L,0,1.235254
145,T,186,L,0,1.232923
134,H,192,N,0,1.231164
144,D,147,S,0,1.227861
135,P,164,K,0,1.2132209999999999
165,S,167,G,0,1.2109590000000001
127,N,154,S,0,1.205438
190,L,193,G,0,1.203934
174,E,175,E,0,1.194974
132,N,197,Y,0,1.17275
173,F,182,A,0,1.155241
126,G,172,H,0,1.143015
147,S,148,V,0,1.139948
150,G,151,D,0,1.134744
148,V,149,F,0,1.126574
158,A,170,F,0,1.115846
157,I,169,G,0,1.111604
162,N,164,K,0,1.109697
137,I,192,N,0,1.1065450000000001
177,G,181,E,0,1.0925559999999999
140,K,144,D,0,1.080881
137,I,141,A,0,1.071129
126,G,176,E,0,1.069495
178,A,182,A,0,1.063684
149,F,150,G,0,1.059803
126,G,153,L,0,1.051265
125,S,176,E,0,1.050111
127,N,156,K,0,1.044043
166,K,168,F,0,1.0423129999999998
181,E,184,D,0,1.034383
145,T,148,V,0,1.023405
191,L,192,N,0,1.0145950000000001
135,P,167,G,0,1.0093889999999999
128,I,173,F,0,1.000716
202,L,203,S,0,0.9993549999999999
124,G,125,S,0,0.99364
179,A,180,K,0,0.993323
184,D,185,A,0,0.98135
125,S,200,P,0,0.9762620000000001
138,D,140,K,0,0.9731569999999999
150,G,173,F,0,0.968356
146,F,198,V,0,0.9660049999999999
125,S,126,G,0,0.948987
131,K,199,A,0,0.938926
199,A,200,P,0,0.911292
140,K,143,Y,0,0.911225
155,S,157,I,0,0.9093209999999999
139,N,157,I,0,0.904784
187,N,197,Y,0,0.904591
130,I,171,V,0,0.9040590000000001
183,I,184,D,0,0.901373
133,L,137,I,0,0.890733
146,F,186,L,0,0.8885719999999999
203,S,204,R,0,0.884083
142,L,155,S,0,0.881775
132,N,194,Q,0,0.878733
170,F,201,H,0,0.8779319999999999
201,H,203,S,0,0.868618
134,H,194,Q,0,0.866641
139,N,155,S,0,0.8638399999999999
188,G,197,Y,0,0.8624729999999999
186,L,187,N,0,0.8613870000000001
183,I,198,V,0,0.8587459999999999
168,F,170,F,0,0.856994
141,A,144,D,0,0.8551209999999999
185,A,186,L,0,0.8518700000000001
128,I,182,A,0,0.8272940000000001
199,A,202,L,0,0.8256290000000001
127,N,201,H,0,0.8238049999999999
160,D,164,K,0,0.811435
152,I,171,V,0,0.810265
143,Y,155,S,0,0.8015140000000001
123,K,124,G,0,0.796611
129,F,168,F,0,0.796339
155,S,169,G,0,0.788801
178,A,181,E,0,0.7883319999999999
189,M,190,L,0,0.787381
152,I,173,F,0,0.782038
152,I,155,S,0,0.775922
158,A,165,S,0,0.767803
146,F,182,A,0,0.767508
131,K,168,F,0,0.754307
145,T,196,I,0,0.752821
141,A,145,T,0,0.750703
192,N,193,G,0,0.7500640000000001
195,E,197,Y,0,0.744373
158,A,159,T,0,0.738684
158,A,166,K,0,0.737468
199,A,201,H,0,0.733851
162,N,163,G,0,0.732193
178,A,179,A,0,0.7305050000000001
139,N,159,T,0,0.721394
156,K,159,T,0,0.720956
188,G,189,M,0,0.7191850000000001
134,H,135,P,0,0.707479
124,G,176,E,0,0.704915
201,H,202,L,0,0.701889
133,L,169,G,0,0.701436
143,Y,152,I,0,0.6875979999999999
166,K,167,G,0,0.68579
177,G,180,K,0,0.6805640000000001
130,I,142,L,0,0.68003
131,K,132,N,0,0.678449
200,P,201,H,0,0.673992
153,L,154,S,0,0.673511
202,L,204,R,0,0.661032
176,E,177,G,0,0.6587310000000001
160,D,166,K,0,0.656841
165,S,166,K,0,0.655675
186,L,188,G,0,0.643362
139,N,140,K,0,0.6392800000000001
200,P,202,L,0,0.637542
180,K,183,I,0,0.637502
149,F,178,A,0,0.633922
132,N,195,E,0,0.63068
159,T,162,N,0,0.628853
137,I,142,L,0,0.62466
186,L,198,V,0,0.623533
139,N,156,K,0,0.623233
155,S,171,V,0,0.61511
126,G,127,N,0,0.612089
187,N,198,V,0,0.607103
156,K,170,F,0,0.602139
164,K,165,S,0,0.598168
159,T,163,G,0,0.59668
160,D,163,G,0,0.5897319999999999
142,L,157,I,0,0.589096
124,G,126,G,0,0.585868
129,F,199,A,0,0.583725
189,M,196,I,0,0.580208
187,N,189,M,0,0.579507
135,P,136,D,0,0.5731430000000001
139,N,154,S,0,0.572183
140,K,141,A,0,0.563918
128,I,198,V,0,0.5633279999999999
177,G,178,A,0,0.555824
130,I,198,V,0,0.552072
173,F,178,A,0,0.549883
138,D,139,N,0,0.547929
128,I,200,P,0,0.5435770000000001
161,E,163,G,0,0.539654
123,K,125,S,0,0.534303
148,V,186,L,0,0.53081
148,V,189,M,0,0.52761
133,L,142,L,0,0.515981
156,K,172,H,0,0.50935
176,E,179,A,0,0.505192
149,F,182,A,0,0.502765
189,M,191,L,0,0.49949799999999994
163,G,164,K,0,0.49856300000000003
179,A,183,I,0,0.492471
159,T,160,D,0,0.489796
159,T,165,S,0,0.48736499999999994
196,I,198,V,0,0.48695200000000005
168,F,169,G,0,0.486175
182,A,186,L,0,0.483096
193,G,194,Q,0,0.482746
144,D,145,T,0,0.481833
137,I,138,D,0,0.48144799999999993
183,I,187,N,0,0.475361
147,S,152,I,0,0.47503599999999996
123,K,126,G,0,0.471112
185,A,189,M,0,0.469595
133,L,165,S,0,0.46324099999999996
151,D,152,I,0,0.46162600000000004
170,F,199,A,0,0.457487
167,G,194,Q,0,0.45556499999999994
143,Y,144,D,0,0.455113
131,K,133,L,0,0.452014
146,F,152,I,0,0.450128
145,T,146,F,0,0.44789399999999996
149,F,181,E,0,0.44765299999999997
150,G,178,A,0,0.44623599999999997
149,F,173,F,0,0.44445
125,S,180,K,0,0.44426499999999997
187,N,199,A,0,0.442586
168,F,172,H,0,0.434885
154,S,155,S,0,0.42187299999999994
148,V,150,G,0,0.420379
173,F,186,L,0,0.41407700000000003
159,T,167,G,0,0.412724
153,L,155,S,0,0.41161000000000003
130,I,169,G,0,0.40961899999999996
148,V,185,A,0,0.40875300000000003
135,P,165,S,0,0.408225
127,N,129,F,0,0.406223
151,D,175,E,0,0.400857
175,E,176,E,0,0.399108
151,D,181,E,0,0.395461
189,M,195,E,0,0.387954
199,A,204,R,0,0.384275
127,N,131,K,0,0.38216700000000003
195,E,196,I,0,0.381479
138,D,159,T,0,0.38095100000000004
197,Y,201,H,0,0.380092
134,H,193,G,0,0.378327
190,L,191,L,0,0.378249
127,N,170,F,0,0.37085
160,D,165,S,0,0.370094
143,Y,154,S,0,0.36846799999999996
157,I,158,A,0,0.36764
173,F,175,E,0,0.362458
187,N,196,I,0,0.362146
124,G,202,L,0,0.361261
129,F,132,N,0,0.360099
129,F,197,Y,0,0.358827
147,S,151,D,0,0.358222
125,S,202,L,0,0.355243
167,G,169,G,0,0.355048
126,G,128,I,0,0.35446700000000003
186,L,196,I,0,0.353678
168,F,201,H,0,0.351823
125,S,127,N,0,0.35079
136,D,193,G,0,0.348428
133,L,134,H,0,0.34826799999999997
129,F,201,H,0,0.34475
132,N,199,A,0,0.340447
162,N,166,K,0,0.339238
150,G,174,E,0,0.33820700000000004
141,A,191,L,0,0.33774899999999997
183,I,199,A,0,0.337683
159,T,164,K,0,0.333931
149,F,151,D,0,0.328905
147,S,150,G,0,0.32882100000000003
169,G,170,F,0,0.32826500000000003
136,D,141,A,0,0.326496
155,S,159,T,0,0.325884
145,T,149,F,0,0.324258
185,A,188,G,0,0.321152
132,N,135,P,0,0.320063
128,I,149,F,0,0.318306
135,P,137,I,0,0.317158
180,K,181,E,0,0.31650700000000004
145,T,182,A,0,0.30696599999999996
194,Q,196,I,0,0.30654499999999996
158,A,172,H,0,0.30446999999999996
138,D,165,S,0,0.304369
128,I,171,V,0,0.30342399999999997
173,F,179,A,0,0.30140300000000003
150,G,181,E,0,0.300217
176,E,178,A,0,0.29999699999999996
152,I,178,A,0,0.298652
161,E,164,K,0,0.292163
126,G,200,P,0,0.291292
152,I,153,L,0,0.290067
192,N,195,E,0,0.286828
160,D,167,G,0,0.285092
195,E,198,V,0,0.28434
153,L,156,K,0,0.284051
183,I,186,L,0,0.283352
193,G,195,E,0,0.282725
138,D,157,I,0,0.281001
172,H,203,S,0,0.28091700000000003
197,Y,202,L,0,0.279308
124,G,200,P,0,0.278345
136,D,137,I,0,0.27794800000000003
188,G,199,A,0,0.27782399999999996
134,H,166,K,0,0.277694
174,E,177,G,0,0.277642
158,A,201,H,0,0.277474
197,Y,198,V,0,0.275584
194,Q,195,E,0,0.274997
163,G,165,S,0,0.273535
129,F,170,F,0,0.272044
155,S,158,A,0,0.2718
191,L,193,G,0,0.27165100000000003
190,L,197,Y,0,0.27161199999999996
162,N,165,S,0,0.270996
133,L,157,I,0,0.270491
192,N,194,Q,0,0.269049
150,G,175,E,0,0.26568
169,G,171,V,0,0.264988
201,H,204,R,0,0.259342
128,I,170,F,0,0.258892
124,G,203,S,0,0.25856399999999996
198,V,201,H,0,0.257907
182,A,185,A,0,0.257336
188,G,190,L,0,0.257233
138,D,144,D,0,0.257211
169,G,173,F,0,0.25718
191,L,195,E,0,0.25653000000000004
177,G,179,A,0,0.255707
161,E,204,R,0,0.254204
152,I,174,E,0,0.25251399999999996
172,H,174,E,0,0.250393
137,I,196,I,0,0.249342
142,L,167,G,0,0.24818600000000002
127,N,179,A,0,0.247954
129,F,202,L,0,0.24726599999999999
128,I,146,F,0,0.247212
157,I,167,G,0,0.246727
148,V,181,E,0,0.24454800000000002
140,K,147,S,0,0.244123
183,I,185,A,0,0.240073
142,L,146,F,0,0.237519
132,N,196,I,0,0.235079
136,D,138,D,0,0.235066
164,K,166,K,0,0.234857
137,I,165,S,0,0.23416700000000001
184,D,186,L,0,0.23415100000000003
173,F,174,E,0,0.233646
131,K,194,Q,0,0.23332199999999997
130,I,196,I,0,0.233042
123,K,153,L,0,0.2308
173,F,183,I,0,0.229006
142,L,147,S,0,0.228983
152,I,154,S,0,0.22793400000000003
154,S,170,F,0,0.22712
131,K,162,N,0,0.225825
135,P,163,G,0,0.225685
172,H,204,R,0,0.224869
129,F,166,K,0,0.224478
163,G,167,G,0,0.223534
134,H,141,A,0,0.222308
124,G,201,H,0,0.221487
132,N,142,L,0,0.2211
159,T,166,K,0,0.22069899999999998
179,A,182,A,0,0.220205
166,K,204,R,0,0.219625
187,N,195,E,0,0.219317
130,I,182,A,0,0.21922199999999997
123,K,203,S,0,0.21848099999999998
138,D,192,N,0,0.21821500000000002
156,K,163,G,0,0.216837
144,D,155,S,0,0.21665700000000002
164,K,167,G,0,0.21607800000000002
153,L,175,E,0,0.21586599999999997
131,K,135,P,0,0.21515
126,G,201,H,0,0.214946
180,K,182,A,0,0.21387199999999998
169,G,198,V,0,0.213731
134,H,191,L,0,0.213327
124,G,180,K,0,0.21254499999999998
190,L,194,Q,0,0.21199400000000002
193,G,196,I,0,0.21133200000000002
182,A,198,V,0,0.210013
133,L,136,D,0,0.208963
188,G,202,L,0,0.20739499999999997
146,F,173,F,0,0.20662800000000003
137,I,145,T,0,0.20605500000000002
189,M,198,V,0,0.204011
126,G,203,S,0,0.202283
173,F,200,P,0,0.201978
175,E,181,E,0,0.201458
179,A,181,E,0,0.199902
149,F,184,D,0,0.197601
135,P,161,E,0,0.196779
130,I,133,L,0,0.19444
127,N,128,I,0,0.194017
136,D,164,K,0,0.193666
132,N,166,K,0,0.193577
149,F,152,I,0,0.19263
170,F,171,V,0,0.191805
133,L,155,S,0,0.19058599999999998
133,L,196,I,0,0.190304
123,K,179,A,0,0.190114
135,P,145,T,0,0.19004200000000002
197,Y,200,P,0,0.189892
131,K,157,I,0,0.189744
188,G,198,V,0,0.189459
123,K,176,E,0,0.18933599999999998
175,E,180,K,0,0.184968
191,L,194,Q,0,0.183444
138,D,163,G,0,0.183429
163,G,177,G,0,0.183327
167,G,197,Y,0,0.182524
199,A,203,S,0,0.182043
140,K,151,D,0,0.180124
146,F,155,S,0,0.178766
125,S,179,A,0,0.178456
131,K,170,F,0,0.17818499999999998
165,S,169,G,0,0.17719100000000002
155,S,165,S,0,0.177117
163,G,166,K,0,0.17677400000000001
160,D,199,A,0,0.17663800000000002
132,N,134,H,0,0.176624
158,A,167,G,0,0.175708
156,K,204,R,0,0.175235
197,Y,203,S,0,0.17463
126,G,129,F,0,0.174376
143,Y,171,V,0,0.174189
127,N,203,S,0,0.173234
189,M,192,N,0,0.172733
154,S,203,S,0,0.172677
177,G,184,D,0,0.172542
126,G,173,F,0,0.172302
143,Y,162,N,0,0.172256
136,D,165,S,0,0.171981
177,G,185,A,0,0.171916
187,N,191,L,0,0.171323
132,N,133,L,0,0.17118
161,E,165,S,0,0.17083099999999998
135,P,141,A,0,0.17058800000000002
182,A,187,N,0,0.170417
133,L,194,Q,0,0.17038599999999998
136,D,140,K,0,0.169106
161,E,202,L,0,0.168574
200,P,203,S,0,0.16752899999999998
137,I,194,Q,0,0.167424
125,S,183,I,0,0.167205
143,Y,151,D,0,0.166548
172,H,201,H,0,0.16553199999999998
194,Q,197,Y,0,0.165447
192,N,196,I,0,0.164994
157,I,159,T,0,0.164482
144,D,148,V,0,0.163998
139,N,158,A,0,0.16333699999999998
147,S,177,G,0,0.163319
131,K,201,H,0,0.163115
136,D,194,Q,0,0.16301600000000002
155,S,173,F,0,0.162666
138,D,143,Y,0,0.159194
150,G,171,V,0,0.159116
166,K,203,S,0,0.158909
186,L,190,L,0,0.156493
171,V,173,F,0,0.15641
163,G,204,R,0,0.155249
147,S,204,R,0,0.15516300000000002
127,N,200,P,0,0.154856
139,N,161,E,0,0.154695
184,D,194,Q,0,0.152469
127,N,152,I,0,0.15196800000000002
123,K,200,P,0,0.15124100000000001
168,F,203,S,0,0.15104800000000002
156,K,160,D,0,0.150436
156,K,165,S,0,0.149791
141,A,142,L,0,0.14889000000000002
139,N,144,D,0,0.147965
127,N,153,L,0,0.147727
128,I,196,I,0,0.146851
161,E,167,G,0,0.14632699999999998
155,S,160,D,0,0.146279
124,G,172,H,0,0.14593
128,I,184,D,0,0.145771
126,G,174,E,0,0.145264
139,N,147,S,0,0.144927
179,A,184,D,0,0.14461300000000002
194,Q,202,L,0,0.144249
146,F,169,G,0,0.143621
124,G,127,N,0,0.143428
124,G,179,A,0,0.14314000000000002
144,D,204,R,0,0.14172
172,H,199,A,0,0.141544
148,V,151,D,0,0.141456
124,G,132,N,0,0.138212
177,G,190,L,0,0.13811199999999998
189,M,194,Q,0,0.138072
182,A,184,D,0,0.137629
166,K,194,Q,0,0.13686700000000002
156,K,201,H,0,0.136126
133,L,135,P,0,0.136077
132,N,137,I,0,0.135925
144,D,161,E,0,0.134432
123,K,160,D,0,0.133667
144,D,193,G,0,0.133117
138,D,142,L,0,0.133088
123,K,201,H,0,0.13285999999999998
172,H,176,E,0,0.132796
141,A,164,K,0,0.132378
141,A,143,Y,0,0.131449
195,E,204,R,0,0.131363
125,S,132,N,0,0.130985
133,L,187,N,0,0.12750799999999998
157,I,171,V,0,0.126842
177,G,203,S,0,0.126583
136,D,190,L,0,0.12601800000000002
158,A,169,G,0,0.125861
184,D,195,E,0,0.125769
138,D,161,E,0,0.125601
154,S,168,F,0,0.12516300000000002
123,K,163,G,0,0.124313
130,I,152,I,0,0.12378399999999999
161,E,170,F,0,0.123555
144,D,191,L,0,0.12337999999999999
142,L,173,F,0,0.12270999999999999
155,S,156,K,0,0.122616
125,S,156,K,0,0.12142
145,T,179,A,0,0.12121300000000002
130,I,150,G,0,0.120148
131,K,158,A,0,0.119906
129,F,134,H,0,0.11981800000000001
196,I,197,Y,0,0.11944500000000001
182,A,189,M,0,0.1194
123,K,127,N,0,0.11931800000000001
143,Y,145,T,0,0.11928699999999999
159,T,161,E,0,0.119172
153,L,169,G,0,0.118647
144,D,184,D,0,0.118629
135,P,162,N,0,0.118627
157,I,166,K,0,0.117922
147,S,174,E,0,0.11732200000000001
156,K,157,I,0,0.117301
127,N,199,A,0,0.11729200000000001
133,L,138,D,0,0.116399
177,G,193,G,0,0.11604500000000001
169,G,196,I,0,0.115649
181,E,201,H,0,0.114357
131,K,167,G,0,0.113114
145,T,152,I,0,0.112623
129,F,130,I,0,0.11236800000000001
156,K,169,G,0,0.111989
182,A,183,I,0,0.111921
129,F,169,G,0,0.11188599999999999
145,T,192,N,0,0.111674
154,S,158,A,0,0.11075
126,G,178,A,0,0.110089
186,L,202,L,0,0.109838
165,S,192,N,0,0.109661
137,I,166,K,0,0.109445
161,E,166,K,0,0.108708
162,N,167,G,0,0.108622
168,F,202,L,0,0.1078
125,S,172,H,0,0.106804
176,E,204,R,0,0.10657
177,G,188,G,0,0.10616199999999999
191,L,198,V,0,0.10578
144,D,185,A,0,0.10573099999999999
183,I,202,L,0,0.105038
138,D,191,L,0,0.104746
124,G,204,R,0,0.104546
137,I,170,F,0,0.10395399999999999
134,H,189,M,0,0.103725
142,L,193,G,0,0.10358800000000001
140,K,193,G,0,0.103466
198,V,203,S,0,0.10325699999999999
158,A,199,A,0,0.102592
189,M,197,Y,0,0.10242000000000001
128,I,157,I,0,0.101724
132,N,153,L,0,0.101586
175,E,179,A,0,0.101413
123,K,184,D,0,0.101309
175,E,203,S,0,0.101246
166,K,172,H,0,0.10108500000000001
123,K,165,S,0,0.100975
181,E,183,I,0,0.10054500000000001
177,G,194,Q,0,0.099999
178,A,180,K,0,0.09970599999999999
140,K,154,S,0,0.09915800000000001
134,H,163,G,0,0.098913
148,V,179,A,0,0.09812799999999999
157,I,168,F,0,0.098125
146,F,149,F,0,0.097942
139,N,169,G,0,0.097795
135,P,160,D,0,0.09751699999999999
171,V,181,E,0,0.096523
126,G,150,G,0,0.096252
176,E,198,V,0,0.096068
172,H,190,L,0,0.094422
183,I,190,L,0,0.094404
124,G,183,I,0,0.094027
184,D,189,M,0,0.093455
160,D,197,Y,0,0.093113
123,K,195,E,0,0.09284400000000001
140,K,192,N,0,0.09171499999999999
134,H,164,K,0,0.091706
151,D,173,F,0,0.09159199999999999
130,I,163,G,0,0.091317
135,P,159,T,0,0.09114
167,G,172,H,0,0.09104
198,V,200,P,0,0.09059299999999999
130,I,192,N,0,0.090498
146,F,147,S,0,0.09034299999999999
159,T,188,G,0,0.089994
130,I,155,S,0,0.089933
164,K,193,G,0,0.089553
130,I,180,K,0,0.089543
135,P,140,K,0,0.089041
127,N,132,N,0,0.088983
147,S,181,E,0,0.08855
158,A,203,S,0,0.088274
171,V,191,L,0,0.08820599999999999
144,D,159,T,0,0.08814
131,K,172,H,0,0.088088
139,N,142,L,0,0.087916
150,G,185,A,0,0.087556
157,I,196,I,0,0.087348
125,S,154,S,0,0.087185
144,D,166,K,0,0.087135
150,G,161,E,0,0.085867
132,N,154,S,0,0.085815
139,N,192,N,0,0.085577
148,V,193,G,0,0.08526900000000001
185,A,204,R,0,0.085234
133,L,167,G,0,0.084936
159,T,201,H,0,0.084758
160,D,168,F,0,0.082962
135,P,157,I,0,0.08276
124,G,154,S,0,0.082664
200,P,204,R,0,0.0825
168,F,196,I,0,0.082451
125,S,164,K,0,0.08227999999999999
123,K,202,L,0,0.08090499999999999
132,N,190,L,0,0.080584
155,S,172,H,0,0.079856
134,H,190,L,0,0.079789
138,D,184,D,0,0.079746
128,I,177,G,0,0.079671
136,D,163,G,0,0.079593
189,M,193,G,0,0.079549
190,L,196,I,0,0.078815
125,S,201,H,0,0.07862999999999999
148,V,190,L,0,0.078446
150,G,182,A,0,0.07807
184,D,191,L,0,0.078067
131,K,156,K,0,0.077736
140,K,195,E,0,0.077287
128,I,152,I,0,0.077263
153,L,177,G,0,0.077174
126,G,180,K,0,0.075644
176,E,181,E,0,0.075311
172,H,173,F,0,0.07470800000000001
184,D,190,L,0,0.074239
128,I,137,I,0,0.073439
154,S,201,H,0,0.07321799999999999
146,F,148,V,0,0.07266399999999999
143,Y,204,R,0,0.072521
162,N,197,Y,0,0.072397
150,G,190,L,0,0.072259
184,D,188,G,0,0.072248
128,I,187,N,0,0.071511
131,K,204,R,0,0.071162
149,F,170,F,0,0.070827
184,D,204,R,0,0.070482
129,F,172,H,0,0.070198
150,G,198,V,0,0.069783
150,G,184,D,0,0.069607
167,G,185,A,0,0.06939400000000001
136,D,148,V,0,0.06926399999999999
142,L,150,G,0,0.06919199999999999
192,N,204,R,0,0.068497
124,G,160,D,0,0.06814500000000001
125,S,128,I,0,0.066643
130,I,143,Y,0,0.06653099999999999
158,A,162,N,0,0.066322
158,A,202,L,0,0.06602899999999999
126,G,175,E,0,0.065838
184,D,187,N,0,0.065813
137,I,147,S,0,0.065433
179,A,202,L,0,0.064935
168,F,199,A,0,0.06472699999999999
144,D,150,G,0,0.064665
132,N,136,D,0,0.06400800000000001
153,L,179,A,0,0.063983
142,L,145,T,0,0.062965
181,E,190,L,0,0.062211
193,G,203,S,0,0.062189999999999995
177,G,196,I,0,0.061762
136,D,143,Y,0,0.061658000000000004
148,V,188,G,0,0.061639
136,D,149,F,0,0.061415
161,E,192,N,0,0.061176999999999995
130,I,157,I,0,0.061011
136,D,160,D,0,0.060578999999999994
124,G,197,Y,0,0.060385
182,A,202,L,0,0.06030599999999999
142,L,182,A,0,0.060302999999999995
190,L,199,A,0,0.060099
124,G,175,E,0,0.059897000000000006
123,K,196,I,0,0.059726999999999995
164,K,202,L,0,0.059192999999999996
190,L,192,N,0,0.059144
181,E,182,A,0,0.059127
170,F,172,H,0,0.058945000000000004
153,L,178,A,0,0.058773
143,Y,174,E,0,0.05851699999999999
148,V,182,A,0,0.057865
148,V,187,N,0,0.057802
183,I,197,Y,0,0.057727
161,E,188,G,0,0.057635000000000006
167,G,181,E,0,0.057426
132,N,202,L,0,0.057353999999999995
123,K,150,G,0,0.057317999999999994
125,S,204,R,0,0.057133
173,F,177,G,0,0.057072000000000005
156,K,199,A,0,0.056811
162,N,202,L,0,0.056513
174,E,176,E,0,0.055969000000000005
171,V,202,L,0,0.055637
161,E,176,E,0,0.055539
135,P,166,K,0,0.055258
150,G,153,L,0,0.055140999999999996
159,T,193,G,0,0.055077999999999995
123,K,131,K,0,0.054849
160,D,202,L,0,0.053624
137,I,193,G,0,0.053209000000000006
171,V,182,A,0,0.053098
139,N,162,N,0,0.052609
150,G,155,S,0,0.052422
148,V,177,G,0,0.052404
137,I,150,G,0,0.052369000000000006
125,S,199,A,0,0.052267999999999995
160,D,190,L,0,0.052021000000000005
129,F,136,D,0,0.051802999999999995
171,V,204,R,0,0.051355
185,A,187,N,0,0.050993000000000004
183,I,189,M,0,0.050654000000000005
171,V,180,K,0,0.05057
161,E,193,G,0,0.05055
155,S,168,F,0,0.050289
144,D,160,D,0,0.050187999999999997
180,K,195,E,0,0.049951999999999996
139,N,201,H,0,0.049928
123,K,172,H,0,0.049851
127,N,202,L,0,0.049637
142,L,171,V,0,0.049373
180,K,185,A,0,0.049197000000000005
165,S,168,F,0,0.049017000000000005
123,K,154,S,0,0.048734
186,L,199,A,0,0.048684
144,D,154,S,0,0.048589999999999994
140,K,164,K,0,0.048514
147,S,167,G,0,0.048304
164,K,181,E,0,0.048125
123,K,188,G,0,0.048091
163,G,170,F,0,0.047247000000000004
125,S,186,L,0,0.046796
155,S,192,N,0,0.046784
126,G,161,E,0,0.046724
171,V,178,A,0,0.046673
168,F,204,R,0,0.046553
174,E,181,E,0,0.046325
135,P,149,F,0,0.046069
168,F,195,E,0,0.045972000000000006
144,D,186,L,0,0.045732999999999996
126,G,160,D,0,0.045306
136,D,187,N,0,0.045287
162,N,194,Q,0,0.044925
169,G,193,G,0,0.044842
130,I,158,A,0,0.04464
127,N,158,A,0,0.044427999999999995
133,L,158,A,0,0.044407999999999996
159,T,174,E,0,0.044217
188,G,192,N,0,0.044183999999999994
133,L,162,N,0,0.0439
174,E,185,A,0,0.043894999999999997
138,D,194,Q,0,0.043662
188,G,193,G,0,0.043519
140,K,169,G,0,0.043472000000000004
152,I,204,R,0,0.043427
168,F,200,P,0,0.043174000000000004
157,I,203,S,0,0.043023
140,K,167,G,0,0.042619
143,Y,164,K,0,0.042371
160,D,170,F,0,0.042235
144,D,164,K,0,0.042126
153,L,173,F,0,0.04195
151,D,160,D,0,0.041336000000000005
125,S,159,T,0,0.041171
172,H,202,L,0,0.041117
128,I,142,L,0,0.040671
150,G,177,G,0,0.040654
180,K,201,H,0,0.040583
132,N,168,F,0,0.040572000000000004
156,K,189,M,0,0.040416
138,D,181,E,0,0.04038
170,F,184,D,0,0.040361
133,L,193,G,0,0.040077999999999996
196,I,199,A,0,0.040018
166,K,196,I,0,0.039796
148,V,191,L,0,0.039582
132,N,156,K,0,0.039288
124,G,177,G,0,0.039085
129,F,133,L,0,0.038919
124,G,146,F,0,0.0387
188,G,196,I,0,0.038617
158,A,173,F,0,0.038567000000000004
136,D,144,D,0,0.038472000000000006
157,I,160,D,0,0.038264
173,F,185,A,0,0.038218
163,G,194,Q,0,0.037956000000000004
185,A,193,G,0,0.037938
129,F,155,S,0,0.037898
140,K,159,T,0,0.037898
154,S,162,N,0,0.037563
140,K,163,G,0,0.03719
130,I,135,P,0,0.037094
145,T,188,G,0,0.036858
171,V,174,E,0,0.036781
159,T,199,A,0,0.036516
124,G,166,K,0,0.036446
144,D,152,I,0,0.036400999999999996
127,N,159,T,0,0.036352999999999996
157,I,163,G,0,0.036317
149,F,179,A,0,0.036113
163,G,181,E,0,0.03611
154,S,164,K,0,0.036039999999999996
128,I,130,I,0,0.035744
147,S,171,V,0,0.035729000000000004
123,K,187,N,0,0.035595
135,P,138,D,0,0.035506
123,K,145,T,0,0.034636
142,L,201,H,0,0.034505
164,K,182,A,0,0.034344
151,D,184,D,0,0.034274
182,A,196,I,0,0.034227999999999995
177,G,200,P,0,0.034187999999999996
127,N,204,R,0,0.03408
149,F,189,M,0,0.034063
128,I,169,G,0,0.033313
133,L,171,V,0,0.033253
178,A,184,D,0,0.033055
123,K,143,Y,0,0.032876
141,A,194,Q,0,0.032824
133,L,168,F,0,0.032725
131,K,160,D,0,0.032152999999999994
125,S,147,S,0,0.031934
159,T,189,M,0,0.031921
125,S,129,F,0,0.031899000000000004
124,G,193,G,0,0.031882
134,H,165,S,0,0.031155000000000002
146,F,161,E,0,0.031121
131,K,137,I,0,0.031089
147,S,195,E,0,0.030772000000000004
129,F,156,K,0,0.030661
155,S,170,F,0,0.030641
133,L,201,H,0,0.030547
124,G,159,T,0,0.030438999999999997
139,N,187,N,0,0.030431
151,D,185,A,0,0.0303
161,E,199,A,0,0.029972000000000002
143,Y,163,G,0,0.029639999999999996
139,N,141,A,0,0.029586
170,F,183,I,0,0.029414999999999997
168,F,176,E,0,0.029376
164,K,177,G,0,0.028966000000000002
123,K,199,A,0,0.028770999999999998
140,K,148,V,0,0.028618
139,N,163,G,0,0.028343
136,D,157,I,0,0.028249
147,S,185,A,0,0.027988
163,G,168,F,0,0.027932
167,G,201,H,0,0.027761
156,K,202,L,0,0.027750999999999998
130,I,145,T,0,0.027565
180,K,194,Q,0,0.027504
130,I,194,Q,0,0.027374000000000002
183,I,188,G,0,0.027363
154,S,204,R,0,0.027066000000000003
190,L,198,V,0,0.026872000000000004
185,A,190,L,0,0.026813
176,E,201,H,0,0.026792000000000003
142,L,175,E,0,0.02675
148,V,201,H,0,0.026436
125,S,146,F,0,0.026199
143,Y,148,V,0,0.025944
136,D,181,E,0,0.025731999999999998
124,G,134,H,0,0.025569
156,K,175,E,0,0.025419
161,E,172,H,0,0.025311
167,G,195,E,0,0.025172
179,A,199,A,0,0.024885
146,F,165,S,0,0.024798
125,S,140,K,0,0.024788
144,D,151,D,0,0.024679
131,K,164,K,0,0.024561000000000003
148,V,152,I,0,0.024402
125,S,203,S,0,0.024333
133,L,197,Y,0,0.024029
135,P,146,F,0,0.023903
182,A,193,G,0,0.023478
139,N,177,G,0,0.023285
123,K,164,K,0,0.0232
134,H,145,T,0,0.023178
140,K,201,H,0,0.023063999999999998
161,E,195,E,0,0.023062
151,D,204,R,0,0.022796
125,S,135,P,0,0.022524000000000002
159,T,202,L,0,0.02223
151,D,166,K,0,0.021158
175,E,184,D,0,0.021066
143,Y,173,F,0,0.020842
153,L,193,G,0,0.020832
176,E,203,S,0,0.020568
192,N,203,S,0,0.020509
164,K,184,D,0,0.020465999999999998
156,K,166,K,0,0.020130000000000002
133,L,144,D,0,0.020093
131,K,187,N,0,0.020056
129,F,204,R,0,0.02001
150,G,180,K,0,0.019967
164,K,176,E,0,0.019776
155,S,167,G,0,0.019566
129,F,203,S,0,0.019477
177,G,187,N,0,0.019243
142,L,198,V,0,0.018614
167,G,174,E,0,0.018459
140,K,162,N,0,0.018383
189,M,203,S,0,0.018182
166,K,202,L,0,0.018077
193,G,202,L,0,0.018076
170,F,198,V,0,0.017971
140,K,175,E,0,0.017611
137,I,179,A,0,0.017
155,S,166,K,0,0.016809
140,K,153,L,0,0.016805
127,N,135,P,0,0.016581
136,D,184,D,0,0.016222
124,G,161,E,0,0.016171
136,D,158,A,0,0.016085
163,G,189,M,0,0.015987
147,S,158,A,0,0.015879
130,I,144,D,0,0.015537
123,K,193,G,0,0.015309999999999999
174,E,179,A,0,0.015261000000000002
153,L,171,V,0,0.015015
174,E,190,L,0,0.014594999999999999
129,F,165,S,0,0.014480000000000002
178,A,187,N,0,0.014478
127,N,133,L,0,0.014365000000000001
183,I,201,H,0,0.014231
130,I,160,D,0,0.01409
152,I,184,D,0,0.013885
179,A,201,H,0,0.013696999999999999
125,S,133,L,0,0.013599000000000002
128,I,194,Q,0,0.013527
165,S,170,F,0,0.013428
159,T,169,G,0,0.013234000000000001
124,G,190,L,0,0.012875
134,H,152,I,0,0.012733
159,T,173,F,0,0.012711
140,K,165,S,0,0.012667
127,N,141,A,0,0.012643000000000001
140,K,190,L,0,0.012516
126,G,204,R,0,0.012483
148,V,176,E,0,0.012436
152,I,156,K,0,0.011895999999999999
154,S,159,T,0,0.011738
126,G,139,N,0,0.011673000000000001
129,F,198,V,0,0.011505
172,H,193,G,0,0.0114
144,D,177,G,0,0.010629000000000001
132,N,192,N,0,0.010556
156,K,195,E,0,0.010179
159,T,168,F,0,0.010172
163,G,188,G,0,0.010102
132,N,188,G,0,0.009885
134,H,147,S,0,0.00988
139,N,170,F,0,0.009865
140,K,203,S,0,0.009764
128,I,178,A,0,0.009625
161,E,187,N,0,0.009259
138,D,204,R,0,0.009249
126,G,132,N,0,0.008962000000000001
148,V,164,K,0,0.008728
148,V,195,E,0,0.008527
123,K,194,Q,0,0.008329000000000001
150,G,179,A,0,0.008313
171,V,198,V,0,0.008036
148,V,173,F,0,0.007889
156,K,161,E,0,0.00773
164,K,199,A,0,0.0076939999999999995
175,E,193,G,0,0.007645999999999999
133,L,159,T,0,0.00728
124,G,140,K,0,0.0071849999999999995
130,I,138,D,0,0.006998000000000001
156,K,194,Q,0,0.006567
123,K,139,N,0,0.006357
138,D,190,L,0,0.006181
140,K,197,Y,0,0.006162
124,G,188,G,0,0.006131
129,F,140,K,0,0.00609
176,E,184,D,0,0.006000999999999999
175,E,183,I,0,0.005935
163,G,175,E,0,0.005915999999999999
178,A,185,A,0,0.005677000000000001
134,H,196,I,0,0.005626
146,F,157,I,0,0.005542
174,E,204,R,0,0.005497999999999999
194,Q,204,R,0,0.005297
152,I,175,E,0,0.005226
132,N,183,I,0,0.005167000000000001
163,G,174,E,0,0.005163
130,I,153,L,0,0.005138
151,D,163,G,0,0.005069
132,N,158,A,0,0.004762
137,I,152,I,0,0.0047539999999999995
194,Q,203,S,0,0.004554
185,A,194,Q,0,0.00454
161,E,168,F,0,0.0043479999999999994
147,S,173,F,0,0.004286
155,S,198,V,0,0.00428
125,S,187,N,0,0.003857
159,T,191,L,0,0.0037329999999999998
144,D,197,Y,0,0.0036560000000000004
127,N,134,H,0,0.0034700000000000004
144,D,181,E,0,0.003073
159,T,171,V,0,0.003023
132,N,164,K,0,0.002654
140,K,155,S,0,0.002593
190,L,204,R,0,0.002497
128,I,188,G,0,0.002348
171,V,203,S,0,0.002305
143,Y,153,L,0,0.0022719999999999997
141,A,170,F,0,0.002208
140,K,161,E,0,0.001964
164,K,190,L,0,0.001766
154,S,165,S,0,0.0017329999999999997
149,F,175,E,0,0.001368
136,D,167,G,0,0.001161
157,I,187,N,0,0.000831
148,V,170,F,0,0.000733
157,I,162,N,0,5.9999999999999995e-05
123,K,146,F,0,-0.0001
186,L,192,N,0,-0.00023199999999999997
173,F,204,R,0,-0.000393
148,V,204,R,0,-0.000624
127,N,173,F,0,-0.0013599999999999999
135,P,190,L,0,-0.0015220000000000001
164,K,192,N,0,-0.001991
124,G,136,D,0,-0.001994
124,G,163,G,0,-0.0020989999999999997
136,D,191,L,0,-0.002444
123,K,167,G,0,-0.00251
162,N,204,R,0,-0.00255
123,K,136,D,0,-0.0029920000000000003
146,F,185,A,0,-0.0031850000000000003
137,I,182,A,0,-0.003478
186,L,191,L,0,-0.003658
152,I,198,V,0,-0.003966
128,I,133,L,0,-0.004102000000000001
168,F,180,K,0,-0.004319
143,Y,158,A,0,-0.004836
184,D,201,H,0,-0.004986
132,N,145,T,0,-0.005101
141,A,181,E,0,-0.005254
142,L,166,K,0,-0.005346
158,A,179,A,0,-0.005716
131,K,173,F,0,-0.005775
127,N,137,I,0,-0.005829
139,N,190,L,0,-0.006116
138,D,164,K,0,-0.0061340000000000006
158,A,163,G,0,-0.006253
125,S,143,Y,0,-0.006312
135,P,142,L,0,-0.006319
136,D,170,F,0,-0.006392
147,S,188,G,0,-0.0064329999999999995
134,H,203,S,0,-0.006506999999999999
156,K,203,S,0,-0.006906
136,D,147,S,0,-0.0069370000000000005
136,D,139,N,0,-0.007429000000000001
157,I,164,K,0,-0.007753
129,F,183,I,0,-0.007825
154,S,167,G,0,-0.008147
160,D,195,E,0,-0.008447
173,F,184,D,0,-0.008498
137,I,167,G,0,-0.008631999999999999
158,A,164,K,0,-0.008715
144,D,182,A,0,-0.008768999999999999
140,K,180,K,0,-0.008801999999999999
131,K,198,V,0,-0.00902
148,V,184,D,0,-0.009161
196,I,202,L,0,-0.009290999999999999
123,K,171,V,0,-0.009512
146,F,150,G,0,-0.009802
124,G,153,L,0,-0.009899
167,G,190,L,0,-0.009984999999999999
147,S,186,L,0,-0.010218000000000001
177,G,199,A,0,-0.010232999999999999
170,F,188,G,0,-0.010263
134,H,195,E,0,-0.010326
137,I,139,N,0,-0.010347
161,E,177,G,0,-0.010348
179,A,203,S,0,-0.010405
124,G,174,E,0,-0.010506999999999999
154,S,169,G,0,-0.01081
167,G,168,F,0,-0.010837000000000001
130,I,185,A,0,-0.010879999999999999
163,G,185,A,0,-0.011012000000000001
184,D,198,V,0,-0.011078
147,S,163,G,0,-0.011144
185,A,198,V,0,-0.011206
160,D,184,D,0,-0.011502
196,I,201,H,0,-0.011962
130,I,183,I,0,-0.012298
141,A,157,I,0,-0.012415
132,N,201,H,0,-0.012461
144,D,190,L,0,-0.012754000000000001
149,F,198,V,0,-0.01317
171,V,185,A,0,-0.013312000000000001
147,S,153,L,0,-0.013465000000000001
145,T,185,A,0,-0.013609
144,D,170,F,0,-0.013622
150,G,195,E,0,-0.01365
123,K,204,R,0,-0.013983
134,H,167,G,0,-0.014154
180,K,204,R,0,-0.014622
147,S,184,D,0,-0.014624000000000002
151,D,158,A,0,-0.014740999999999999
140,K,187,N,0,-0.014741999999999998
146,F,170,F,0,-0.014790000000000001
188,G,204,R,0,-0.014816
144,D,163,G,0,-0.014903999999999999
181,E,189,M,0,-0.014977
135,P,172,H,0,-0.015178
143,Y,166,K,0,-0.015632
151,D,162,N,0,-0.01574
141,A,190,L,0,-0.015948
123,K,141,A,0,-0.016276
148,V,163,G,0,-0.016592
133,L,164,K,0,-0.016776
138,D,193,G,0,-0.017025
141,A,189,M,0,-0.017107
167,G,184,D,0,-0.017178
193,G,198,V,0,-0.017292
124,G,144,D,0,-0.017518000000000002
162,N,168,F,0,-0.017563
130,I,203,S,0,-0.017943999999999998
156,K,198,V,0,-0.018191
145,T,147,S,0,-0.018452
182,A,188,G,0,-0.018458000000000002
147,S,154,S,0,-0.018803
166,K,176,E,0,-0.018894
123,K,180,K,0,-0.018944
158,A,160,D,0,-0.019274
148,V,192,N,0,-0.019547
128,I,160,D,0,-0.019933000000000003
125,S,137,I,0,-0.020013
128,I,129,F,0,-0.020113
168,F,194,Q,0,-0.020115
123,K,133,L,0,-0.020355
162,N,173,F,0,-0.020359
140,K,202,L,0,-0.020416
127,N,149,F,0,-0.020434
131,K,202,L,0,-0.020435
135,P,202,L,0,-0.020502
140,K,177,G,0,-0.021169999999999998
154,S,199,A,0,-0.021179
125,S,131,K,0,-0.021244
136,D,195,E,0,-0.021279
123,K,197,Y,0,-0.021308
126,G,183,I,0,-0.021518000000000002
147,S,149,F,0,-0.021836
143,Y,168,F,0,-0.021998
152,I,193,G,0,-0.022035
139,N,153,L,0,-0.02223
157,I,194,Q,0,-0.022304
124,G,141,A,0,-0.022312000000000002
147,S,190,L,0,-0.022411
131,K,136,D,0,-0.022442
163,G,190,L,0,-0.022741
129,F,135,P,0,-0.022779
128,I,203,S,0,-0.022867
129,F,171,V,0,-0.022994
164,K,203,S,0,-0.023417
131,K,140,K,0,-0.023572
130,I,141,A,0,-0.023596000000000002
126,G,130,I,0,-0.023639
133,L,147,S,0,-0.023666999999999997
134,H,159,T,0,-0.023725
181,E,188,G,0,-0.023752000000000002
139,N,181,E,0,-0.023769
156,K,168,F,0,-0.02398
125,S,136,D,0,-0.023988
140,K,204,R,0,-0.024003999999999998
138,D,151,D,0,-0.024083
123,K,140,K,0,-0.024149
157,I,195,E,0,-0.02436
155,S,194,Q,0,-0.024375
162,N,169,G,0,-0.024401
184,D,193,G,0,-0.02452
154,S,202,L,0,-0.024687999999999998
142,L,152,I,0,-0.024816
163,G,193,G,0,-0.024856
123,K,161,E,0,-0.025032
146,F,153,L,0,-0.025383000000000003
174,E,203,S,0,-0.025393000000000002
130,I,191,L,0,-0.025885000000000002
142,L,183,I,0,-0.025921
164,K,168,F,0,-0.025937
132,N,165,S,0,-0.026149000000000002
136,D,156,K,0,-0.026279000000000004
131,K,163,G,0,-0.02628
135,P,170,F,0,-0.026427
187,N,190,L,0,-0.026485
146,F,202,L,0,-0.026513
148,V,161,E,0,-0.026592
130,I,147,S,0,-0.026909
130,I,170,F,0,-0.027004000000000004
142,L,168,F,0,-0.027042
163,G,196,I,0,-0.027373
132,N,138,D,0,-0.027377999999999996
123,K,135,P,0,-0.027544
179,A,187,N,0,-0.027747000000000004
130,I,148,V,0,-0.02781
186,L,204,R,0,-0.028071
127,N,176,E,0,-0.028261
125,S,193,G,0,-0.028401999999999997
135,P,203,S,0,-0.028461
126,G,165,S,0,-0.02855
139,N,152,I,0,-0.028592000000000003
154,S,198,V,0,-0.028644
138,D,180,K,0,-0.028945
144,D,187,N,0,-0.029325999999999998
132,N,167,G,0,-0.0294
154,S,179,A,0,-0.029529000000000003
162,N,177,G,0,-0.029586
141,A,193,G,0,-0.029657999999999997
127,N,157,I,0,-0.029738
147,S,178,A,0,-0.029807
140,K,188,G,0,-0.030257
162,N,170,F,0,-0.0304
178,A,183,I,0,-0.030513
123,K,129,F,0,-0.030866
129,F,153,L,0,-0.030875
124,G,195,E,0,-0.030886
143,Y,190,L,0,-0.030972000000000003
132,N,140,K,0,-0.031047
141,A,195,E,0,-0.031052
129,F,191,L,0,-0.031325
174,E,202,L,0,-0.031368
129,F,159,T,0,-0.031406
124,G,148,V,0,-0.031602
138,D,189,M,0,-0.031661
133,L,195,E,0,-0.031752999999999997
133,L,189,M,0,-0.032087
134,H,168,F,0,-0.032226
143,Y,200,P,0,-0.032409
143,Y,146,F,0,-0.032475
192,N,199,A,0,-0.032596
129,F,167,G,0,-0.03263
140,K,166,K,0,-0.032671
128,I,163,G,0,-0.032713
153,L,176,E,0,-0.03297
144,D,180,K,0,-0.03308
131,K,139,N,0,-0.033106000000000003
127,N,130,I,0,-0.0332
161,E,185,A,0,-0.033261
139,N,175,E,0,-0.03329
175,E,188,G,0,-0.033309
162,N,181,E,0,-0.033691000000000006
135,P,155,S,0,-0.033696
141,A,188,G,0,-0.03383
133,L,191,L,0,-0.033922
123,K,142,L,0,-0.033926
156,K,197,Y,0,-0.034015
154,S,200,P,0,-0.034023000000000005
149,F,159,T,0,-0.034227
144,D,189,M,0,-0.034437
149,F,171,V,0,-0.034475
158,A,184,D,0,-0.034731
135,P,188,G,0,-0.034755
152,I,163,G,0,-0.034939
197,Y,204,R,0,-0.035279000000000005
150,G,162,N,0,-0.035337
181,E,193,G,0,-0.035424000000000004
138,D,145,T,0,-0.035503
125,S,177,G,0,-0.035532
169,G,204,R,0,-0.035619
147,S,175,E,0,-0.03564
177,G,182,A,0,-0.03565
132,N,187,N,0,-0.035758
147,S,165,S,0,-0.035845999999999996
168,F,175,E,0,-0.036019
137,I,140,K,0,-0.036215
134,H,171,V,0,-0.036369
137,I,169,G,0,-0.036369
128,I,193,G,0,-0.036374000000000004
138,D,147,S,0,-0.036425
143,Y,156,K,0,-0.036679
170,F,192,N,0,-0.036772000000000006
148,V,196,I,0,-0.036899
167,G,199,A,0,-0.036948
129,F,154,S,0,-0.036955
180,K,193,G,0,-0.037018999999999996
163,G,202,L,0,-0.037208
151,D,182,A,0,-0.037818
190,L,200,P,0,-0.038069
161,E,169,G,0,-0.038146
136,D,166,K,0,-0.03839
177,G,189,M,0,-0.038478
123,K,159,T,0,-0.038642
142,L,170,F,0,-0.038676
145,T,190,L,0,-0.038676
153,L,163,G,0,-0.038784
163,G,171,V,0,-0.038974
143,Y,181,E,0,-0.039143
171,V,183,I,0,-0.039320999999999995
170,F,181,E,0,-0.039352
123,K,182,A,0,-0.039398
167,G,203,S,0,-0.039485
157,I,191,L,0,-0.039564
151,D,180,K,0,-0.039608
176,E,193,G,0,-0.039639999999999995
191,L,197,Y,0,-0.0398
161,E,203,S,0,-0.039827
127,N,171,V,0,-0.039876
132,N,151,D,0,-0.039966
137,I,155,S,0,-0.040295
138,D,187,N,0,-0.040358
151,D,154,S,0,-0.040388
139,N,198,V,0,-0.040681
188,G,200,P,0,-0.040706
165,S,193,G,0,-0.040728
180,K,188,G,0,-0.040806999999999996
194,Q,201,H,0,-0.040815
178,A,203,S,0,-0.040857
142,L,162,N,0,-0.040894
129,F,176,E,0,-0.041405000000000004
157,I,204,R,0,-0.041529
132,N,191,L,0,-0.041612
125,S,194,Q,0,-0.041786000000000004
135,P,192,N,0,-0.042781
151,D,188,G,0,-0.042841000000000004
142,L,186,L,0,-0.042883
132,N,144,D,0,-0.042919
150,G,163,G,0,-0.042962
137,I,163,G,0,-0.043193
174,E,182,A,0,-0.043325
174,E,187,N,0,-0.043586
158,A,198,V,0,-0.043755
162,N,180,K,0,-0.04381
128,I,131,K,0,-0.043827
159,T,178,A,0,-0.043987
136,D,204,R,0,-0.044016
140,K,181,E,0,-0.044057
136,D,203,S,0,-0.044061
133,L,163,G,0,-0.044163
161,E,191,L,0,-0.044498
125,S,197,Y,0,-0.044872
127,N,166,K,0,-0.045162
132,N,148,V,0,-0.045194
128,I,197,Y,0,-0.045204
123,K,130,I,0,-0.045252
135,P,193,G,0,-0.045367000000000005
130,I,190,L,0,-0.045411
161,E,201,H,0,-0.045860000000000005
123,K,157,I,0,-0.045882
123,K,144,D,0,-0.046122
143,Y,169,G,0,-0.046381
129,F,158,A,0,-0.046568
123,K,158,A,0,-0.046785
130,I,162,N,0,-0.046827999999999995
151,D,171,V,0,-0.046906
123,K,178,A,0,-0.04702
124,G,143,Y,0,-0.047113
159,T,203,S,0,-0.047181
154,S,160,D,0,-0.047698000000000004
162,N,171,V,0,-0.047786
131,K,200,P,0,-0.047837
163,G,176,E,0,-0.048033
176,E,187,N,0,-0.048249
147,S,196,I,0,-0.04828
171,V,184,D,0,-0.048282
153,L,164,K,0,-0.048451999999999995
132,N,193,G,0,-0.048494999999999996
135,P,199,A,0,-0.048652999999999995
127,N,190,L,0,-0.048753
123,K,168,F,0,-0.048773000000000004
179,A,185,A,0,-0.048841
173,F,176,E,0,-0.048938999999999996
149,F,196,I,0,-0.049066000000000005
164,K,189,M,0,-0.049212
178,A,193,G,0,-0.049242
187,N,193,G,0,-0.049344
154,S,174,E,0,-0.049369
163,G,169,G,0,-0.049432
142,L,151,D,0,-0.049433
150,G,202,L,0,-0.049574
165,S,199,A,0,-0.049625999999999997
194,Q,199,A,0,-0.049694999999999996
136,D,176,E,0,-0.049723
124,G,152,I,0,-0.049736
134,H,144,D,0,-0.049787
140,K,150,G,0,-0.049852
135,P,187,N,0,-0.049948
165,S,187,N,0,-0.050119
128,I,153,L,0,-0.050593
124,G,142,L,0,-0.05061
138,D,154,S,0,-0.050671
163,G,192,N,0,-0.050773
176,E,202,L,0,-0.050886
142,L,176,E,0,-0.050939
162,N,191,L,0,-0.050963
137,I,204,R,0,-0.051039999999999995
138,D,158,A,0,-0.051106
133,L,148,V,0,-0.051306
136,D,196,I,0,-0.051675
129,F,194,Q,0,-0.051684
168,F,197,Y,0,-0.051762999999999997
187,N,200,P,0,-0.051806
166,K,170,F,0,-0.052564
147,S,187,N,0,-0.052775999999999997
148,V,166,K,0,-0.052908000000000004
132,N,161,E,0,-0.052984
135,P,156,K,0,-0.053036
156,K,190,L,0,-0.053110000000000004
152,I,161,E,0,-0.053117
152,I,191,L,0,-0.05316
124,G,138,D,0,-0.053326
170,F,176,E,0,-0.053434
129,F,174,E,0,-0.053542
150,G,203,S,0,-0.053565999999999996
123,K,138,D,0,-0.053811000000000005
177,G,195,E,0,-0.053825
124,G,170,F,0,-0.053834
191,L,203,S,0,-0.053978
154,S,161,E,0,-0.054086
130,I,181,E,0,-0.054113
143,Y,189,M,0,-0.054278999999999994
150,G,192,N,0,-0.054355999999999995
128,I,136,D,0,-0.05438
145,T,194,Q,0,-0.054516999999999996
178,A,201,H,0,-0.05474
135,P,178,A,0,-0.054961
170,F,196,I,0,-0.055255
170,F,185,A,0,-0.055277
130,I,176,E,0,-0.055312
124,G,158,A,0,-0.055451
139,N,165,S,0,-0.055623
128,I,181,E,0,-0.055669
143,Y,167,G,0,-0.055707000000000007
168,F,187,N,0,-0.055715
129,F,148,V,0,-0.056045000000000005
153,L,188,G,0,-0.056104999999999995
164,K,194,Q,0,-0.056277
123,K,191,L,0,-0.056378
198,V,202,L,0,-0.05644400000000001
182,A,191,L,0,-0.056517
180,K,186,L,0,-0.056573000000000005
170,F,197,Y,0,-0.056612
162,N,195,E,0,-0.056667999999999996
125,S,153,L,0,-0.056805999999999995
136,D,202,L,0,-0.056821
180,K,198,V,0,-0.05683
170,F,180,K,0,-0.056852999999999994
138,D,168,F,0,-0.05694
136,D,201,H,0,-0.056942999999999994
132,N,189,M,0,-0.057027999999999995
157,I,179,A,0,-0.057165
153,L,203,S,0,-0.057461
174,E,193,G,0,-0.05754
165,S,188,G,0,-0.057545000000000006
141,A,198,V,0,-0.057589
161,E,197,Y,0,-0.057623
127,N,182,A,0,-0.057686
126,G,197,Y,0,-0.058049
144,D,175,E,0,-0.058271
133,L,200,P,0,-0.058323
195,E,199,A,0,-0.05832999999999999
161,E,178,A,0,-0.058570000000000004
181,E,187,N,0,-0.058697000000000006
155,S,203,S,0,-0.05872
171,V,186,L,0,-0.058789999999999995
160,D,193,G,0,-0.058917
150,G,176,E,0,-0.058983
123,K,147,S,0,-0.059029
176,E,185,A,0,-0.05906
145,T,199,A,0,-0.059071000000000005
148,V,167,G,0,-0.05910700000000001
184,D,200,P,0,-0.059191999999999995
152,I,170,F,0,-0.059363
141,A,186,L,0,-0.059580999999999995
124,G,196,I,0,-0.059633000000000005
194,Q,200,P,0,-0.059713999999999996
169,G,180,K,0,-0.059749000000000003
157,I,184,D,0,-0.05985
190,L,201,H,0,-0.059874000000000004
159,T,204,R,0,-0.060173000000000004
125,S,175,E,0,-0.060277
149,F,203,S,0,-0.060384
127,N,192,N,0,-0.060413
134,H,186,L,0,-0.06041900000000001
166,K,169,G,0,-0.060551999999999995
138,D,169,G,0,-0.060654999999999994
144,D,195,E,0,-0.060688
150,G,204,R,0,-0.060714
143,Y,193,G,0,-0.06079
139,N,150,G,0,-0.06079
164,K,204,R,0,-0.061069000000000005
166,K,192,N,0,-0.061176
126,G,136,D,0,-0.061211
123,K,166,K,0,-0.061301
141,A,165,S,0,-0.061422000000000004
167,G,176,E,0,-0.061482
184,D,203,S,0,-0.061592999999999995
154,S,177,G,0,-0.061708000000000006
160,D,204,R,0,-0.061728
133,L,190,L,0,-0.061737
133,L,173,F,0,-0.061832000000000005
147,S,176,E,0,-0.061850999999999996
135,P,171,V,0,-0.061897
124,G,169,G,0,-0.061982
166,K,171,V,0,-0.062065999999999996
129,F,146,F,0,-0.062076
145,T,187,N,0,-0.062104
177,G,202,L,0,-0.062261000000000004
124,G,164,K,0,-0.062415
175,E,191,L,0,-0.06250599999999999
145,T,193,G,0,-0.062666
140,K,184,D,0,-0.062726
140,K,183,I,0,-0.06288200000000001
149,F,204,R,0,-0.062925
139,N,173,F,0,-0.063062
183,I,195,E,0,-0.063576
134,H,142,L,0,-0.063671
131,K,159,T,0,-0.063735
152,I,196,I,0,-0.06376799999999999
136,D,177,G,0,-0.06383
143,Y,192,N,0,-0.06387000000000001
143,Y,161,E,0,-0.063921
123,K,175,E,0,-0.06392300000000001
147,S,156,K,0,-0.063971
146,F,184,D,0,-0.064087
143,Y,202,L,0,-0.06412899999999999
150,G,154,S,0,-0.064273
158,A,161,E,0,-0.064336
126,G,152,I,0,-0.064408
133,L,151,D,0,-0.064571
152,I,187,N,0,-0.064706
144,D,183,I,0,-0.06471299999999999
141,A,161,E,0,-0.064821
146,F,181,E,0,-0.064862
136,D,185,A,0,-0.064874
133,L,174,E,0,-0.06513300000000001
123,K,192,N,0,-0.06525399999999999
168,F,189,M,0,-0.06533
148,V,162,N,0,-0.065372
129,F,164,K,0,-0.065589
189,M,199,A,0,-0.065676
126,G,168,F,0,-0.06574400000000001
134,H,197,Y,0,-0.06576699999999999
129,F,192,N,0,-0.065862
159,T,198,V,0,-0.06601699999999999
134,H,138,D,0,-0.066152
148,V,154,S,0,-0.066262
171,V,177,G,0,-0.0665
131,K,144,D,0,-0.066567
130,I,132,N,0,-0.066662
135,P,175,E,0,-0.066718
152,I,203,S,0,-0.066984
123,K,174,E,0,-0.067024
171,V,175,E,0,-0.067259
124,G,184,D,0,-0.067317
127,N,169,G,0,-0.067388
123,K,156,K,0,-0.067699
158,A,197,Y,0,-0.067815
136,D,145,T,0,-0.067887
165,S,204,R,0,-0.06817000000000001
133,L,160,D,0,-0.068363
128,I,132,N,0,-0.068553
124,G,128,I,0,-0.068604
136,D,146,F,0,-0.068619
156,K,182,A,0,-0.068909
137,I,146,F,0,-0.068957
139,N,151,D,0,-0.06905399999999999
134,H,162,N,0,-0.069147
173,F,181,E,0,-0.06919600000000001
137,I,157,I,0,-0.069216
164,K,175,E,0,-0.06969700000000001
170,F,177,G,0,-0.069731
143,Y,185,A,0,-0.06978999999999999
132,N,169,G,0,-0.06989
181,E,186,L,0,-0.069999
145,T,155,S,0,-0.070048
126,G,133,L,0,-0.070069
132,N,203,S,0,-0.07019500000000001
161,E,179,A,0,-0.070213
176,E,188,G,0,-0.070559
175,E,200,P,0,-0.070734
191,L,204,R,0,-0.070784
133,L,175,E,0,-0.070827
167,G,175,E,0,-0.070963
125,S,167,G,0,-0.071002
128,I,134,H,0,-0.07101299999999999
159,T,181,E,0,-0.071224
159,T,192,N,0,-0.07124
161,E,190,L,0,-0.071257
165,S,203,S,0,-0.07145499999999999
190,L,202,L,0,-0.071469
130,I,151,D,0,-0.07164
169,G,182,A,0,-0.071686
126,G,171,V,0,-0.071716
186,L,195,E,0,-0.071751
151,D,193,G,0,-0.07207100000000001
178,A,196,I,0,-0.07228899999999999
141,A,159,T,0,-0.072314
152,I,160,D,0,-0.07245599999999999
127,N,167,G,0,-0.072668
124,G,150,G,0,-0.072684
123,K,152,I,0,-0.072699
161,E,174,E,0,-0.07272200000000001
126,G,154,S,0,-0.07274299999999999
138,D,203,S,0,-0.07277
130,I,174,E,0,-0.073103
125,S,165,S,0,-0.073137
170,F,195,E,0,-0.073679
159,T,170,F,0,-0.073831
156,K,164,K,0,-0.073837
125,S,162,N,0,-0.073885
163,G,182,A,0,-0.074013
138,D,170,F,0,-0.07422999999999999
130,I,131,K,0,-0.074241
143,Y,184,D,0,-0.07435599999999999
125,S,170,F,0,-0.074369
151,D,190,L,0,-0.074459
181,E,204,R,0,-0.074558
134,H,156,K,0,-0.074705
130,I,189,M,0,-0.07474199999999999
123,K,149,F,0,-0.074748
158,A,194,Q,0,-0.074862
132,N,157,I,0,-0.074884
171,V,190,L,0,-0.075111
160,D,187,N,0,-0.07523400000000001
142,L,199,A,0,-0.075387
137,I,154,S,0,-0.075539
167,G,186,L,0,-0.075575
152,I,180,K,0,-0.075654
153,L,191,L,0,-0.07566200000000001
125,S,189,M,0,-0.075745
169,G,191,L,0,-0.07582799999999999
160,D,203,S,0,-0.075873
137,I,161,E,0,-0.075959
145,T,167,G,0,-0.076014
132,N,204,R,0,-0.076017
130,I,201,H,0,-0.076055
188,G,203,S,0,-0.076208
163,G,203,S,0,-0.076283
166,K,189,M,0,-0.076318
169,G,189,M,0,-0.076573
125,S,158,A,0,-0.076583
126,G,155,S,0,-0.076641
160,D,194,Q,0,-0.076726
144,D,146,F,0,-0.07686699999999999
157,I,181,E,0,-0.07689700000000001
141,A,167,G,0,-0.07711900000000001
127,N,168,F,0,-0.077285
169,G,186,L,0,-0.0773
145,T,172,H,0,-0.077322
137,I,159,T,0,-0.0775
145,T,184,D,0,-0.077622
138,D,166,K,0,-0.07771
144,D,202,L,0,-0.077808
151,D,172,H,0,-0.078087
167,G,202,L,0,-0.078135
138,D,179,A,0,-0.078154
137,I,189,M,0,-0.078163
127,N,160,D,0,-0.078432
165,S,173,F,0,-0.078448
139,N,166,K,0,-0.07852999999999999
124,G,167,G,0,-0.078599
125,S,185,A,0,-0.078716
154,S,157,I,0,-0.078777
162,N,203,S,0,-0.078814
143,Y,157,I,0,-0.078917
143,Y,159,T,0,-0.07897699999999999
130,I,149,F,0,-0.079058
148,V,180,K,0,-0.079069
136,D,150,G,0,-0.07910700000000001
144,D,192,N,0,-0.07918700000000001
145,T,157,I,0,-0.079194
141,A,163,G,0,-0.079279
134,H,139,N,0,-0.07943
125,S,161,E,0,-0.079441
169,G,203,S,0,-0.079546
142,L,165,S,0,-0.079596
163,G,198,V,0,-0.079631
124,G,133,L,0,-0.079748
163,G,172,H,0,-0.079825
124,G,182,A,0,-0.079846
137,I,181,E,0,-0.079944
142,L,163,G,0,-0.080595
148,V,165,S,0,-0.080599
139,N,167,G,0,-0.080775
183,I,196,I,0,-0.080853
129,F,137,I,0,-0.080887
163,G,195,E,0,-0.080897
126,G,185,A,0,-0.080934
175,E,202,L,0,-0.08094
145,T,202,L,0,-0.08099400000000001
123,K,198,V,0,-0.081092
145,T,166,K,0,-0.081294
124,G,168,F,0,-0.081328
172,H,183,I,0,-0.081487
141,A,162,N,0,-0.081713
150,G,193,G,0,-0.081768
129,F,193,G,0,-0.081788
128,I,201,H,0,-0.081804
164,K,196,I,0,-0.081887
147,S,203,S,0,-0.081947
146,F,174,E,0,-0.08225299999999999
123,K,151,D,0,-0.082274
194,Q,198,V,0,-0.082287
123,K,134,H,0,-0.082334
145,T,160,D,0,-0.082337
149,F,174,E,0,-0.08242999999999999
184,D,196,I,0,-0.08245
144,D,194,Q,0,-0.082467
156,K,183,I,0,-0.082469
160,D,200,P,0,-0.082541
175,E,189,M,0,-0.082554
133,L,145,T,0,-0.08255599999999999
145,T,195,E,0,-0.082703
148,V,158,A,0,-0.082755
170,F,204,R,0,-0.08277799999999999
176,E,191,L,0,-0.083163
165,S,197,Y,0,-0.08332300000000001
141,A,156,K,0,-0.0834
183,I,193,G,0,-0.083659
148,V,178,A,0,-0.083662
147,S,193,G,0,-0.083775
175,E,196,I,0,-0.08380599999999999
193,G,204,R,0,-0.083886
164,K,169,G,0,-0.083901
159,T,180,K,0,-0.084003
142,L,158,A,0,-0.084036
151,D,161,E,0,-0.084061
178,A,195,E,0,-0.084092
166,K,197,Y,0,-0.084217
173,F,198,V,0,-0.084411
160,D,188,G,0,-0.084575
174,E,183,I,0,-0.08469600000000001
153,L,192,N,0,-0.084726
143,Y,149,F,0,-0.084819
125,S,160,D,0,-0.084939
135,P,197,Y,0,-0.084981
175,E,185,A,0,-0.084989
127,N,183,I,0,-0.085076
129,F,195,E,0,-0.085297
134,H,201,H,0,-0.085382
132,N,141,A,0,-0.08545499999999999
160,D,183,I,0,-0.085522
173,F,196,I,0,-0.085678
137,I,144,D,0,-0.085744
133,L,152,I,0,-0.086073
164,K,171,V,0,-0.086115
129,F,196,I,0,-0.08624
135,P,201,H,0,-0.086401
161,E,171,V,0,-0.08640700000000001
154,S,191,L,0,-0.086556
142,L,204,R,0,-0.086572
127,N,197,Y,0,-0.086572
148,V,157,I,0,-0.086616
133,L,150,G,0,-0.08683400000000001
140,K,185,A,0,-0.087101
126,G,149,F,0,-0.087153
126,G,193,G,0,-0.08721799999999999
129,F,157,I,0,-0.087224
147,S,180,K,0,-0.087242
142,L,143,Y,0,-0.087589
167,G,196,I,0,-0.087734
139,N,164,K,0,-0.088032
158,A,182,A,0,-0.088276
152,I,158,A,0,-0.08836000000000001
156,K,196,I,0,-0.08873400000000001
132,N,180,K,0,-0.088768
167,G,204,R,0,-0.08885499999999999
133,L,203,S,0,-0.08885599999999999
170,F,174,E,0,-0.088879
135,P,200,P,0,-0.088882
169,G,176,E,0,-0.08913099999999999
162,N,184,D,0,-0.089152
139,N,149,F,0,-0.089215
150,G,157,I,0,-0.089528
176,E,190,L,0,-0.089556
123,K,148,V,0,-0.089612
153,L,165,S,0,-0.089837
151,D,195,E,0,-0.089929
126,G,182,A,0,-0.089985
148,V,159,T,0,-0.09017
140,K,170,F,0,-0.090272
136,D,169,G,0,-0.090517
172,H,175,E,0,-0.090602
153,L,162,N,0,-0.09063500000000001
136,D,183,I,0,-0.090674
140,K,191,L,0,-0.090727
124,G,135,P,0,-0.090771
169,G,194,Q,0,-0.090968
147,S,155,S,0,-0.09098300000000001
164,K,170,F,0,-0.091046
147,S,183,I,0,-0.091147
187,N,203,S,0,-0.091434
155,S,187,N,0,-0.091495
166,K,199,A,0,-0.091579
157,I,198,V,0,-0.09162000000000001
130,I,195,E,0,-0.09181
124,G,194,Q,0,-0.092223
135,P,198,V,0,-0.0923
153,L,180,K,0,-0.09252300000000001
143,Y,150,G,0,-0.092544
133,L,198,V,0,-0.092583
160,D,185,A,0,-0.09260499999999999
185,A,203,S,0,-0.09260700000000001
127,N,164,K,0,-0.092684
137,I,187,N,0,-0.093067
133,L,140,K,0,-0.09310299999999999
177,G,183,I,0,-0.093592
139,N,172,H,0,-0.093712
147,S,172,H,0,-0.09402100000000001
164,K,174,E,0,-0.094141
160,D,182,A,0,-0.094159
136,D,175,E,0,-0.0942
161,E,183,I,0,-0.094247
161,E,175,E,0,-0.09428099999999999
143,Y,194,Q,0,-0.094324
176,E,196,I,0,-0.09439
143,Y,188,G,0,-0.094465
141,A,187,N,0,-0.094465
130,I,200,P,0,-0.09446900000000001
183,I,191,L,0,-0.094538
175,E,204,R,0,-0.094618
153,L,159,T,0,-0.09488400000000001
150,G,172,H,0,-0.094916
195,E,201,H,0,-0.095074
166,K,191,L,0,-0.095259
131,K,193,G,0,-0.095351
177,G,204,R,0,-0.095374
140,K,198,V,0,-0.095539
145,T,177,G,0,-0.095589
157,I,174,E,0,-0.095756
196,I,203,S,0,-0.095786
124,G,129,F,0,-0.095996
139,N,178,A,0,-0.096072
129,F,161,E,0,-0.096232
133,L,180,K,0,-0.09624400000000001
168,F,198,V,0,-0.09637000000000001
152,I,199,A,0,-0.09661499999999999
169,G,172,H,0,-0.09665499999999999
137,I,164,K,0,-0.096665
155,S,186,L,0,-0.096682
149,F,195,E,0,-0.096725
149,F,177,G,0,-0.096791
179,A,198,V,0,-0.096993
153,L,168,F,0,-0.09700299999999999
140,K,156,K,0,-0.097067
155,S,175,E,0,-0.097178
132,N,159,T,0,-0.09729
133,L,154,S,0,-0.097316
142,L,191,L,0,-0.097442
144,D,149,F,0,-0.097491
147,S,189,M,0,-0.09753200000000001
170,F,179,A,0,-0.09766
137,I,171,V,0,-0.09808
174,E,188,G,0,-0.098091
126,G,143,Y,0,-0.098268
126,G,144,D,0,-0.09832300000000001
126,G,162,N,0,-0.098357
171,V,195,E,0,-0.09856799999999999
146,F,151,D,0,-0.09884
154,S,188,G,0,-0.098845
153,L,182,A,0,-0.098849
166,K,190,L,0,-0.098996
154,S,195,E,0,-0.09905900000000001
131,K,203,S,0,-0.099203
142,L,181,E,0,-0.099301
134,H,143,Y,0,-0.099321
175,E,192,N,0,-0.099385
145,T,171,V,0,-0.09942999999999999
132,N,176,E,0,-0.099602
144,D,168,F,0,-0.099672
156,K,181,E,0,-0.099777
145,T,162,N,0,-0.099803
128,I,138,D,0,-0.099983
136,D,172,H,0,-0.10013899999999999
142,L,196,I,0,-0.10041
148,V,198,V,0,-0.10045499999999999
136,D,168,F,0,-0.10052
154,S,194,Q,0,-0.100543
163,G,180,K,0,-0.100599
126,G,158,A,0,-0.100608
172,H,188,G,0,-0.100675
134,H,199,A,0,-0.10076399999999999
147,S,169,G,0,-0.100803
163,G,199,A,0,-0.100815
131,K,143,Y,0,-0.10105399999999999
126,G,164,K,0,-0.10108400000000001
172,H,186,L,0,-0.10108500000000001
130,I,172,H,0,-0.10128200000000001
174,E,184,D,0,-0.101345
175,E,190,L,0,-0.101352
125,S,138,D,0,-0.101562
165,S,177,G,0,-0.101569
123,K,181,E,0,-0.101676
164,K,191,L,0,-0.10172
125,S,166,K,0,-0.101765
170,F,175,E,0,-0.101939
132,N,185,A,0,-0.102117
136,D,180,K,0,-0.102189
127,N,148,V,0,-0.102198
172,H,182,A,0,-0.10220599999999999
150,G,168,F,0,-0.102299
181,E,191,L,0,-0.102424
138,D,148,V,0,-0.10245699999999999
162,N,188,G,0,-0.10252
152,I,185,A,0,-0.102546
130,I,159,T,0,-0.10257899999999999
141,A,150,G,0,-0.10268599999999999
147,S,162,N,0,-0.102825
198,V,199,A,0,-0.10291600000000001
165,S,184,D,0,-0.10311
124,G,165,S,0,-0.103118
141,A,149,F,0,-0.103302
125,S,184,D,0,-0.103529
145,T,183,I,0,-0.10357000000000001
126,G,148,V,0,-0.103683
130,I,187,N,0,-0.103826
136,D,161,E,0,-0.103872
124,G,137,I,0,-0.10395499999999999
138,D,171,V,0,-0.10408800000000001
162,N,174,E,0,-0.10411400000000001
149,F,183,I,0,-0.104218
132,N,177,G,0,-0.1047
163,G,184,D,0,-0.104725
131,K,154,S,0,-0.104754
140,K,152,I,0,-0.104968
126,G,190,L,0,-0.105101
169,G,175,E,0,-0.105111
133,L,178,A,0,-0.105136
151,D,189,M,0,-0.105215
172,H,179,A,0,-0.105352
181,E,198,V,0,-0.105371
171,V,196,I,0,-0.105419
135,P,139,N,0,-0.10562200000000001
142,L,184,D,0,-0.10575
182,A,192,N,0,-0.10580999999999999
149,F,176,E,0,-0.106001
124,G,151,D,0,-0.106342
128,I,144,D,0,-0.106373
165,S,194,Q,0,-0.106494
152,I,157,I,0,-0.10656500000000001
176,E,182,A,0,-0.10666500000000001
187,N,194,Q,0,-0.106949
147,S,166,K,0,-0.10722999999999999
142,L,177,G,0,-0.107299
146,F,196,I,0,-0.10733
156,K,188,G,0,-0.107476
132,N,162,N,0,-0.10762000000000001
156,K,193,G,0,-0.107651
130,I,173,F,0,-0.10777
166,K,185,A,0,-0.107848
157,I,193,G,0,-0.10803199999999999
155,S,204,R,0,-0.10820199999999999
128,I,191,L,0,-0.10831199999999999
143,Y,180,K,0,-0.108331
129,F,162,N,0,-0.108426
159,T,183,I,0,-0.108796
139,N,194,Q,0,-0.108857
126,G,195,E,0,-0.10903199999999999
143,Y,176,E,0,-0.10904100000000001
146,F,188,G,0,-0.109199
142,L,192,N,0,-0.10926300000000001
181,E,203,S,0,-0.109333
190,L,203,S,0,-0.109449
158,A,178,A,0,-0.109535
171,V,201,H,0,-0.1098
129,F,142,L,0,-0.10983699999999999
166,K,179,A,0,-0.109964
180,K,203,S,0,-0.11005999999999999
133,L,172,H,0,-0.11011099999999999
165,S,202,L,0,-0.110116
131,K,195,E,0,-0.110562
143,Y,175,E,0,-0.11059100000000001
143,Y,187,N,0,-0.110747
152,I,179,A,0,-0.110779
134,H,202,L,0,-0.110902
182,A,190,L,0,-0.11094200000000001
163,G,173,F,0,-0.11103299999999999
130,I,179,A,0,-0.111153
139,N,183,I,0,-0.111207
146,F,192,N,0,-0.111284
131,K,152,I,0,-0.111397
155,S,196,I,0,-0.11145799999999999
128,I,139,N,0,-0.111588
132,N,174,E,0,-0.11161700000000001
139,N,160,D,0,-0.11177999999999999
148,V,175,E,0,-0.11186900000000001
162,N,189,M,0,-0.11223399999999999
150,G,186,L,0,-0.11225399999999999
173,F,193,G,0,-0.11246500000000001
168,F,177,G,0,-0.11257
151,D,164,K,0,-0.11270699999999999
171,V,197,Y,0,-0.112755
157,I,172,H,0,-0.11276900000000001
146,F,187,N,0,-0.11278599999999998
133,L,149,F,0,-0.11278900000000001
169,G,177,G,0,-0.112811
180,K,189,M,0,-0.112863
138,D,162,N,0,-0.112874
141,A,147,S,0,-0.112882
156,K,162,N,0,-0.112889
123,K,177,G,0,-0.113105
128,I,175,E,0,-0.11351199999999999
133,L,166,K,0,-0.113567
180,K,187,N,0,-0.11368199999999999
154,S,163,G,0,-0.11373399999999999
130,I,166,K,0,-0.113738
151,D,194,Q,0,-0.11383499999999999
142,L,144,D,0,-0.114122
139,N,168,F,0,-0.114173
128,I,161,E,0,-0.11418299999999999
146,F,180,K,0,-0.114274
144,D,165,S,0,-0.11432200000000001
164,K,183,I,0,-0.114407
170,F,173,F,0,-0.114726
165,S,190,L,0,-0.114852
171,V,194,Q,0,-0.11508499999999999
148,V,155,S,0,-0.11513499999999999
124,G,155,S,0,-0.11523199999999999
173,F,199,A,0,-0.11546400000000001
162,N,193,G,0,-0.115522
141,A,175,E,0,-0.11558800000000001
132,N,163,G,0,-0.115775
147,S,160,D,0,-0.11600799999999999
171,V,199,A,0,-0.116164
138,D,202,L,0,-0.116284
125,S,188,G,0,-0.116336
150,G,188,G,0,-0.116673
124,G,139,N,0,-0.116852
151,D,196,I,0,-0.116896
129,F,185,A,0,-0.116901
124,G,162,N,0,-0.11692999999999999
150,G,169,G,0,-0.11704200000000001
128,I,150,G,0,-0.11711700000000001
148,V,160,D,0,-0.117201
151,D,177,G,0,-0.117326
126,G,134,H,0,-0.11738
147,S,202,L,0,-0.11738900000000001
148,V,153,L,0,-0.11746600000000001
152,I,176,E,0,-0.117523
123,K,190,L,0,-0.117818
195,E,203,S,0,-0.11795499999999999
167,G,193,G,0,-0.118031
123,K,137,I,0,-0.11823399999999999
130,I,136,D,0,-0.11831199999999999
138,D,167,G,0,-0.11834700000000001
124,G,186,L,0,-0.11860899999999999
152,I,182,A,0,-0.11863399999999999
159,T,185,A,0,-0.118677
135,P,169,G,0,-0.11871
160,D,181,E,0,-0.11871099999999998
130,I,154,S,0,-0.118773
130,I,204,R,0,-0.118852
141,A,146,F,0,-0.119189
172,H,196,I,0,-0.119219
126,G,142,L,0,-0.11925
145,T,198,V,0,-0.119344
168,F,190,L,0,-0.11935499999999999
189,M,202,L,0,-0.119486
134,H,169,G,0,-0.119584
131,K,134,H,0,-0.11966500000000001
134,H,140,K,0,-0.120077
159,T,195,E,0,-0.120084
164,K,198,V,0,-0.12013900000000001
156,K,171,V,0,-0.12020399999999999
178,A,194,Q,0,-0.12025999999999999
144,D,174,E,0,-0.120303
125,S,144,D,0,-0.120372
125,S,142,L,0,-0.12049000000000001
134,H,157,I,0,-0.120776
135,P,191,L,0,-0.121198
140,K,168,F,0,-0.121351
155,S,197,Y,0,-0.121494
142,L,202,L,0,-0.12168599999999999
137,I,149,F,0,-0.121701
148,V,171,V,0,-0.121805
130,I,193,G,0,-0.12197100000000001
182,A,204,R,0,-0.122
138,D,155,S,0,-0.12203599999999999
146,F,179,A,0,-0.12203699999999999
138,D,182,A,0,-0.12234
134,H,204,R,0,-0.12234300000000001
133,L,153,L,0,-0.12234500000000001
138,D,198,V,0,-0.12245999999999999
171,V,189,M,0,-0.1225
139,N,146,F,0,-0.122511
157,I,189,M,0,-0.12254000000000001
160,D,174,E,0,-0.12257799999999999
168,F,182,A,0,-0.122726
144,D,198,V,0,-0.122926
177,G,192,N,0,-0.122948
151,D,155,S,0,-0.12305799999999999
144,D,179,A,0,-0.12346300000000002
144,D,178,A,0,-0.12353599999999999
140,K,172,H,0,-0.12353800000000001
149,F,153,L,0,-0.12357699999999999
141,A,202,L,0,-0.12368699999999999
130,I,168,F,0,-0.12378800000000001
131,K,138,D,0,-0.12400599999999999
151,D,179,A,0,-0.124204
146,F,183,I,0,-0.12429100000000001
132,N,147,S,0,-0.12431600000000001
175,E,195,E,0,-0.124383
142,L,149,F,0,-0.124385
165,S,201,H,0,-0.124402
175,E,182,A,0,-0.124425
160,D,180,K,0,-0.1247
146,F,197,Y,0,-0.12483499999999999
134,H,150,G,0,-0.12497799999999999
166,K,182,A,0,-0.12499400000000001
160,D,189,M,0,-0.125146
168,F,191,L,0,-0.12523499999999999
162,N,196,I,0,-0.12524100000000002
133,L,170,F,0,-0.125362
152,I,164,K,0,-0.125396
125,S,168,F,0,-0.125422
193,G,199,A,0,-0.125532
130,I,140,K,0,-0.12567899999999999
132,N,172,H,0,-0.125699
153,L,167,G,0,-0.125745
163,G,178,A,0,-0.125853
125,S,134,H,0,-0.12603499999999998
133,L,188,G,0,-0.126038
172,H,200,P,0,-0.126066
188,G,194,Q,0,-0.126129
139,N,195,E,0,-0.126278
162,N,176,E,0,-0.126386
148,V,199,A,0,-0.12646400000000002
149,F,169,G,0,-0.12654
124,G,130,I,0,-0.12656900000000001
139,N,171,V,0,-0.126618
131,K,161,E,0,-0.126728
134,H,200,P,0,-0.12678
125,S,174,E,0,-0.126807
166,K,173,F,0,-0.126852
167,G,177,G,0,-0.127002
161,E,194,Q,0,-0.127081
130,I,134,H,0,-0.127161
130,I,137,I,0,-0.127163
188,G,191,L,0,-0.127181
138,D,177,G,0,-0.127301
173,F,191,L,0,-0.12730999999999998
124,G,147,S,0,-0.127356
130,I,184,D,0,-0.127394
136,D,151,D,0,-0.127407
125,S,195,E,0,-0.127452
185,A,191,L,0,-0.127644
138,D,196,I,0,-0.127684
180,K,196,I,0,-0.127769
170,F,200,P,0,-0.127771
149,F,155,S,0,-0.128003
189,M,204,R,0,-0.128104
131,K,171,V,0,-0.128181
147,S,157,I,0,-0.128352
130,I,164,K,0,-0.12842699999999999
125,S,149,F,0,-0.128429
126,G,177,G,0,-0.128431
154,S,186,L,0,-0.128894
168,F,181,E,0,-0.128973
153,L,166,K,0,-0.128973
138,D,153,L,0,-0.128976
146,F,158,A,0,-0.12921400000000002
126,G,202,L,0,-0.12928699999999999
157,I,190,L,0,-0.129294
153,L,158,A,0,-0.129599
140,K,179,A,0,-0.12966
195,E,200,P,0,-0.129723
166,K,181,E,0,-0.129825
125,S,191,L,0,-0.129916
191,L,202,L,0,-0.129996
179,A,190,L,0,-0.130102
132,N,139,N,0,-0.13036
127,N,139,N,0,-0.130429
146,F,200,P,0,-0.130619
157,I,185,A,0,-0.13063
166,K,195,E,0,-0.130663
151,D,198,V,0,-0.130726
162,N,172,H,0,-0.130743
170,F,194,Q,0,-0.13083699999999998
150,G,183,I,0,-0.13128399999999998
152,I,169,G,0,-0.131383
128,I,186,L,0,-0.13139800000000001
134,H,153,L,0,-0.131821
161,E,200,P,0,-0.131976
143,Y,186,L,0,-0.132076
165,S,186,L,0,-0.132198
171,V,179,A,0,-0.1322
180,K,191,L,0,-0.132202
142,L,188,G,0,-0.132346
130,I,186,L,0,-0.132691
196,I,200,P,0,-0.132713
143,Y,179,A,0,-0.132743
152,I,202,L,0,-0.13275599999999999
134,H,170,F,0,-0.132925
128,I,172,H,0,-0.132968
174,E,194,Q,0,-0.13314
153,L,157,I,0,-0.133213
154,S,197,Y,0,-0.133221
175,E,198,V,0,-0.133444
149,F,154,S,0,-0.133449
128,I,180,K,0,-0.13348800000000002
159,T,175,E,0,-0.133674
148,V,183,I,0,-0.133715
124,G,191,L,0,-0.133729
162,N,185,A,0,-0.13377999999999998
155,S,164,K,0,-0.13399
151,D,187,N,0,-0.134001
156,K,187,N,0,-0.134023
142,L,195,E,0,-0.134025
148,V,174,E,0,-0.134113
143,Y,165,S,0,-0.134196
160,D,201,H,0,-0.134209
129,F,181,E,0,-0.13426400000000002
169,G,188,G,0,-0.134327
147,S,192,N,0,-0.134628
125,S,152,I,0,-0.13464600000000002
140,K,189,M,0,-0.13492200000000001
185,A,200,P,0,-0.135043
161,E,181,E,0,-0.135174
136,D,182,A,0,-0.135192
142,L,160,D,0,-0.135193
150,G,200,P,0,-0.135232
177,G,201,H,0,-0.135234
161,E,189,M,0,-0.135236
132,N,171,V,0,-0.135472
176,E,183,I,0,-0.135844
133,L,143,Y,0,-0.13601300000000002
145,T,170,F,0,-0.136034
142,L,161,E,0,-0.13603900000000002
128,I,155,S,0,-0.136208
129,F,186,L,0,-0.136264
127,N,188,G,0,-0.136376
134,H,188,G,0,-0.13638499999999998
132,N,160,D,0,-0.13659200000000002
179,A,189,M,0,-0.136632
140,K,182,A,0,-0.136668
142,L,154,S,0,-0.136713
137,I,176,E,0,-0.13680599999999998
124,G,189,M,0,-0.136829
144,D,171,V,0,-0.136963
151,D,170,F,0,-0.13699
168,F,192,N,0,-0.137026
162,N,190,L,0,-0.137027
174,E,197,Y,0,-0.137311
141,A,166,K,0,-0.13739300000000002
147,S,164,K,0,-0.137469
140,K,158,A,0,-0.13758299999999998
140,K,199,A,0,-0.13761700000000002
142,L,187,N,0,-0.137641
133,L,192,N,0,-0.137732
179,A,204,R,0,-0.137889
150,G,191,L,0,-0.138033
126,G,181,E,0,-0.13805
165,S,191,L,0,-0.138103
143,Y,177,G,0,-0.138188
172,H,177,G,0,-0.138378
139,N,184,D,0,-0.13864100000000001
133,L,185,A,0,-0.138776
162,N,201,H,0,-0.138871
167,G,183,I,0,-0.13894600000000001
154,S,175,E,0,-0.139014
138,D,146,F,0,-0.139074
151,D,167,G,0,-0.13935999999999998
162,N,199,A,0,-0.139377
137,I,158,A,0,-0.139494
127,N,145,T,0,-0.13959100000000002
165,S,182,A,0,-0.139599
186,L,197,Y,0,-0.139665
166,K,184,D,0,-0.139764
142,L,200,P,0,-0.13986700000000002
130,I,199,A,0,-0.13988699999999998
144,D,167,G,0,-0.139985
146,F,168,F,0,-0.140025
139,N,199,A,0,-0.140312
133,L,176,E,0,-0.14031400000000002
124,G,156,K,0,-0.14038699999999998
146,F,172,H,0,-0.140422
127,N,187,N,0,-0.140528
140,K,142,L,0,-0.14060599999999998
157,I,182,A,0,-0.14062
127,N,198,V,0,-0.140627
153,L,202,L,0,-0.140718
141,A,173,F,0,-0.141058
134,H,181,E,0,-0.14135699999999998
141,A,155,S,0,-0.141492
152,I,181,E,0,-0.14159000000000002
126,G,166,K,0,-0.141716
134,H,175,E,0,-0.141861
131,K,153,L,0,-0.142112
180,K,202,L,0,-0.142145
157,I,177,G,0,-0.142429
134,H,177,G,0,-0.142432
135,P,195,E,0,-0.142496
131,K,192,N,0,-0.142548
140,K,178,A,0,-0.142598
139,N,197,Y,0,-0.142708
146,F,164,K,0,-0.142767
128,I,151,D,0,-0.142822
164,K,179,A,0,-0.14291900000000002
123,K,155,S,0,-0.142984
146,F,204,R,0,-0.142997
141,A,204,R,0,-0.143025
134,H,146,F,0,-0.143085
153,L,183,I,0,-0.143249
149,F,188,G,0,-0.143261
193,G,201,H,0,-0.143305
166,K,198,V,0,-0.143348
146,F,178,A,0,-0.14339200000000002
153,L,189,M,0,-0.143567
138,D,200,P,0,-0.143577
166,K,183,I,0,-0.143827
141,A,176,E,0,-0.14391700000000002
135,P,184,D,0,-0.144056
184,D,199,A,0,-0.144112
165,S,176,E,0,-0.1444
146,F,162,N,0,-0.144422
169,G,178,A,0,-0.14466099999999998
161,E,196,I,0,-0.14468699999999998
155,S,177,G,0,-0.144894
129,F,180,K,0,-0.14494100000000001
133,L,156,K,0,-0.144967
148,V,202,L,0,-0.144977
153,L,161,E,0,-0.14527
130,I,167,G,0,-0.145704
143,Y,182,A,0,-0.145707
162,N,182,A,0,-0.145803
160,D,175,E,0,-0.14583
139,N,182,A,0,-0.14591400000000002
185,A,202,L,0,-0.146265
144,D,173,F,0,-0.14641600000000002
129,F,138,D,0,-0.146501
169,G,201,H,0,-0.146516
169,G,187,N,0,-0.146702
168,F,174,E,0,-0.14671199999999998
167,G,180,K,0,-0.146772
147,S,199,A,0,-0.147051
143,Y,160,D,0,-0.147137
150,G,197,Y,0,-0.147506
130,I,177,G,0,-0.14752
161,E,184,D,0,-0.147902
155,S,184,D,0,-0.14790699999999998
171,V,187,N,0,-0.148004
135,P,183,I,0,-0.14810399999999999
171,V,200,P,0,-0.148117
132,N,175,E,0,-0.148162
130,I,178,A,0,-0.14817
155,S,193,G,0,-0.148177
133,L,146,F,0,-0.148181
135,P,150,G,0,-0.148229
177,G,197,Y,0,-0.14823
127,N,195,E,0,-0.14843699999999999
145,T,175,E,0,-0.148518
145,T,158,A,0,-0.148773
126,G,140,K,0,-0.148885
135,P,182,A,0,-0.148897
132,N,178,A,0,-0.14902
140,K,160,D,0,-0.149179
143,Y,172,H,0,-0.149292
150,G,196,I,0,-0.149303
136,D,188,G,0,-0.149375
127,N,161,E,0,-0.149581
185,A,199,A,0,-0.149584
152,I,192,N,0,-0.149895
198,V,204,R,0,-0.14993
159,T,190,L,0,-0.149951
166,K,193,G,0,-0.150075
178,A,204,R,0,-0.150313
154,S,182,A,0,-0.150417
125,S,148,V,0,-0.150633
125,S,196,I,0,-0.150653
132,N,173,F,0,-0.150658
142,L,203,S,0,-0.150673
126,G,188,G,0,-0.15070799999999998
171,V,188,G,0,-0.150765
134,H,176,E,0,-0.150841
156,K,185,A,0,-0.150954
144,D,162,N,0,-0.150997
181,E,195,E,0,-0.151313
127,N,162,N,0,-0.151357
135,P,204,R,0,-0.151695
128,I,202,L,0,-0.151746
141,A,177,G,0,-0.151903
126,G,138,D,0,-0.15191
166,K,175,E,0,-0.151924
126,G,146,F,0,-0.15196500000000002
183,I,203,S,0,-0.152063
172,H,197,Y,0,-0.152666
123,K,162,N,0,-0.152817
169,G,174,E,0,-0.152937
141,A,151,D,0,-0.153258
124,G,131,K,0,-0.15340399999999998
136,D,171,V,0,-0.15349100000000002
178,A,190,L,0,-0.153501
149,F,161,E,0,-0.15362
171,V,172,H,0,-0.153697
127,N,142,L,0,-0.15371400000000002
163,G,183,I,0,-0.153772
145,T,168,F,0,-0.153788
128,I,164,K,0,-0.153789
146,F,189,M,0,-0.153807
140,K,194,Q,0,-0.15392
137,I,177,G,0,-0.15411
181,E,202,L,0,-0.154177
141,A,203,S,0,-0.154184
192,N,201,H,0,-0.154205
164,K,188,G,0,-0.154334
129,F,163,G,0,-0.15450999999999998
151,D,191,L,0,-0.15471300000000002
160,D,171,V,0,-0.154727
139,N,203,S,0,-0.154874
166,K,187,N,0,-0.154882
173,F,201,H,0,-0.155108
176,E,186,L,0,-0.155275
135,P,143,Y,0,-0.155301
146,F,176,E,0,-0.155342
144,D,200,P,0,-0.15538
138,D,150,G,0,-0.155388
127,N,163,G,0,-0.155435
151,D,159,T,0,-0.155565
138,D,156,K,0,-0.155569
145,T,197,Y,0,-0.155569
137,I,175,E,0,-0.155623
176,E,195,E,0,-0.155711
155,S,191,L,0,-0.15573499999999998
165,S,196,I,0,-0.155977
141,A,185,A,0,-0.15601700000000002
173,F,189,M,0,-0.156089
146,F,175,E,0,-0.156159
153,L,194,Q,0,-0.15622
152,I,201,H,0,-0.15637
140,K,173,F,0,-0.156403
183,I,204,R,0,-0.156572
132,N,200,P,0,-0.15673499999999999
147,S,182,A,0,-0.156779
150,G,164,K,0,-0.156788
139,N,148,V,0,-0.156872
135,P,177,G,0,-0.157032
141,A,148,V,0,-0.157367
143,Y,191,L,0,-0.157386
142,L,180,K,0,-0.157441
142,L,164,K,0,-0.157473
158,A,181,E,0,-0.157501
155,S,178,A,0,-0.157642
143,Y,170,F,0,-0.157709
159,T,184,D,0,-0.157803
134,H,161,E,0,-0.158075
163,G,191,L,0,-0.15808
187,N,202,L,0,-0.158127
149,F,191,L,0,-0.15856900000000002
134,H,198,V,0,-0.158789
185,A,195,E,0,-0.15913
135,P,181,E,0,-0.159281
158,A,183,I,0,-0.15929200000000002
168,F,193,G,0,-0.159529
185,A,196,I,0,-0.15956199999999998
146,F,154,S,0,-0.15964
165,S,172,H,0,-0.159747
167,G,188,G,0,-0.15977
140,K,174,E,0,-0.16000999999999999
155,S,181,E,0,-0.16001600000000002
162,N,186,L,0,-0.16021
124,G,199,A,0,-0.16026600000000002
185,A,197,Y,0,-0.160353
136,D,159,T,0,-0.160414
137,I,174,E,0,-0.160417
142,L,179,A,0,-0.16062200000000001
168,F,185,A,0,-0.160666
126,G,170,F,0,-0.160762
162,N,198,V,0,-0.161072
157,I,180,K,0,-0.161188
167,G,191,L,0,-0.16125
138,D,174,E,0,-0.161305
181,E,194,Q,0,-0.161314
145,T,151,D,0,-0.161333
143,Y,195,E,0,-0.161404
164,K,187,N,0,-0.161496
129,F,147,S,0,-0.161512
170,F,193,G,0,-0.161652
130,I,161,E,0,-0.16179200000000002
161,E,186,L,0,-0.161875
149,F,187,N,0,-0.162109
160,D,177,G,0,-0.162186
164,K,173,F,0,-0.162237
156,K,167,G,0,-0.162271
127,N,150,G,0,-0.16241
169,G,184,D,0,-0.162455
123,K,169,G,0,-0.162796
169,G,195,E,0,-0.162889
170,F,190,L,0,-0.162969
165,S,175,E,0,-0.163195
131,K,188,G,0,-0.163381
177,G,191,L,0,-0.16341
136,D,162,N,0,-0.16348800000000002
124,G,145,T,0,-0.163632
157,I,170,F,0,-0.163736
134,H,187,N,0,-0.16392
135,P,147,S,0,-0.16442
156,K,200,P,0,-0.164632
184,D,202,L,0,-0.164696
162,N,200,P,0,-0.164749
131,K,176,E,0,-0.16483399999999998
142,L,159,T,0,-0.16501500000000002
150,G,160,D,0,-0.165103
125,S,139,N,0,-0.165205
179,A,195,E,0,-0.165259
154,S,187,N,0,-0.165269
147,S,161,E,0,-0.16533499999999998
139,N,196,I,0,-0.165624
160,D,178,A,0,-0.165679
174,E,191,L,0,-0.165705
166,K,200,P,0,-0.165732
125,S,130,I,0,-0.165847
125,S,190,L,0,-0.166134
154,S,190,L,0,-0.166143
144,D,188,G,0,-0.166164
176,E,192,N,0,-0.16617300000000002
160,D,176,E,0,-0.16633900000000001
123,K,173,F,0,-0.166438
188,G,201,H,0,-0.166495
144,D,157,I,0,-0.166508
136,D,173,F,0,-0.166786
128,I,199,A,0,-0.166891
166,K,180,K,0,-0.16701
164,K,195,E,0,-0.167043
124,G,192,N,0,-0.167053
162,N,183,I,0,-0.16716199999999998
157,I,175,E,0,-0.167186
132,N,152,I,0,-0.167295
133,L,184,D,0,-0.167404
131,K,166,K,0,-0.16746
141,A,182,A,0,-0.167483
187,N,192,N,0,-0.167534
137,I,198,V,0,-0.167665
134,H,183,I,0,-0.167927
149,F,162,N,0,-0.168007
125,S,178,A,0,-0.16802899999999998
193,G,200,P,0,-0.168035
146,F,201,H,0,-0.16813499999999998
146,F,163,G,0,-0.168139
134,H,185,A,0,-0.168204
134,H,182,A,0,-0.168379
138,D,195,E,0,-0.16863599999999998
128,I,162,N,0,-0.168706
141,A,154,S,0,-0.168723
175,E,197,Y,0,-0.16877999999999999
131,K,184,D,0,-0.168916
184,D,197,Y,0,-0.16897
127,N,136,D,0,-0.168987
145,T,204,R,0,-0.169234
134,H,154,S,0,-0.169378
142,L,148,V,0,-0.16938499999999998
168,F,178,A,0,-0.169653
153,L,170,F,0,-0.169668
181,E,196,I,0,-0.169679
174,E,196,I,0,-0.169743
128,I,141,A,0,-0.169759
167,G,179,A,0,-0.169836
150,G,187,N,0,-0.17011099999999998
140,K,171,V,0,-0.17014
161,E,198,V,0,-0.170258
140,K,149,F,0,-0.170498
185,A,201,H,0,-0.170901
171,V,176,E,0,-0.171047
163,G,187,N,0,-0.171247
145,T,173,F,0,-0.171279
146,F,190,L,0,-0.171375
175,E,201,H,0,-0.171472
145,T,164,K,0,-0.171521
174,E,200,P,0,-0.171567
147,S,179,A,0,-0.172016
144,D,169,G,0,-0.172039
129,F,152,I,0,-0.172228
142,L,194,Q,0,-0.172328
145,T,154,S,0,-0.17240899999999998
152,I,188,G,0,-0.17243
125,S,181,E,0,-0.172592
146,F,193,G,0,-0.172975
152,I,162,N,0,-0.173407
160,D,169,G,0,-0.17340999999999998
138,D,175,E,0,-0.173426
152,I,172,H,0,-0.173496
131,K,177,G,0,-0.173671
180,K,199,A,0,-0.173777
165,S,195,E,0,-0.1739
131,K,175,E,0,-0.174117
160,D,172,H,0,-0.174163
161,E,173,F,0,-0.174473
182,A,203,S,0,-0.174875
126,G,151,D,0,-0.17496
147,S,201,H,0,-0.175183
149,F,202,L,0,-0.17522000000000001
167,G,182,A,0,-0.175222
140,K,146,F,0,-0.175697
126,G,135,P,0,-0.176077
145,T,174,E,0,-0.17654
182,A,200,P,0,-0.176642
141,A,180,K,0,-0.17691700000000002
129,F,200,P,0,-0.176921
170,F,189,M,0,-0.17710499999999998
147,S,170,F,0,-0.177135
170,F,182,A,0,-0.177269
142,L,172,H,0,-0.177305
148,V,200,P,0,-0.177362
169,G,199,A,0,-0.177491
125,S,145,T,0,-0.177555
173,F,192,N,0,-0.177688
139,N,189,M,0,-0.177727
153,L,204,R,0,-0.17777300000000001
169,G,190,L,0,-0.178128
149,F,166,K,0,-0.178172
155,S,162,N,0,-0.178276
161,E,180,K,0,-0.178286
183,I,192,N,0,-0.178307
170,F,203,S,0,-0.178567
143,Y,201,H,0,-0.178727
187,N,204,R,0,-0.17874600000000002
152,I,166,K,0,-0.179362
166,K,174,E,0,-0.17941300000000002
155,S,190,L,0,-0.17973
134,H,155,S,0,-0.179893
173,F,195,E,0,-0.179918
135,P,176,E,0,-0.179983
137,I,199,A,0,-0.180006
138,D,176,E,0,-0.180359
135,P,144,D,0,-0.180419
128,I,168,F,0,-0.180628
146,F,177,G,0,-0.180653
135,P,168,F,0,-0.18065599999999998
167,G,200,P,0,-0.180814
157,I,197,Y,0,-0.18094100000000002
133,L,186,L,0,-0.18096600000000002
179,A,191,L,0,-0.18144100000000002
149,F,193,G,0,-0.181517
195,E,202,L,0,-0.181559
128,I,159,T,0,-0.18159
136,D,142,L,0,-0.181867
137,I,180,K,0,-0.181895
129,F,190,L,0,-0.182091
151,D,202,L,0,-0.182116
149,F,201,H,0,-0.182221
126,G,157,I,0,-0.182272
137,I,201,H,0,-0.18229700000000001
128,I,145,T,0,-0.182319
139,N,179,A,0,-0.18243099999999998
168,F,183,I,0,-0.182633
129,F,149,F,0,-0.18271600000000002
148,V,197,Y,0,-0.182724
128,I,140,K,0,-0.182782
129,F,173,F,0,-0.182837
138,D,199,A,0,-0.182911
136,D,198,V,0,-0.18299
157,I,188,G,0,-0.183341
140,K,145,T,0,-0.183706
164,K,172,H,0,-0.18370699999999998
156,K,176,E,0,-0.18371600000000002
157,I,200,P,0,-0.183725
154,S,180,K,0,-0.18383
129,F,150,G,0,-0.18390399999999998
160,D,198,V,0,-0.18391500000000002
125,S,151,D,0,-0.18394000000000002
155,S,188,G,0,-0.183972
167,G,198,V,0,-0.184087
133,L,177,G,0,-0.184452
148,V,203,S,0,-0.18451900000000002
160,D,196,I,0,-0.184568
142,L,190,L,0,-0.18479500000000001
155,S,161,E,0,-0.184803
155,S,182,A,0,-0.184806
187,N,201,H,0,-0.184878
159,T,182,A,0,-0.185086
133,L,141,A,0,-0.185324
134,H,178,A,0,-0.185364
155,S,163,G,0,-0.185409
155,S,185,A,0,-0.18543900000000002
125,S,171,V,0,-0.186085
175,E,186,L,0,-0.18621400000000002
159,T,200,P,0,-0.186221
139,N,185,A,0,-0.186338
138,D,188,G,0,-0.186504
181,E,192,N,0,-0.186618
160,D,192,N,0,-0.186725
172,H,180,K,0,-0.186863
130,I,188,G,0,-0.18689
137,I,168,F,0,-0.18701500000000001
161,E,182,A,0,-0.187049
125,S,141,A,0,-0.187049
134,H,184,D,0,-0.18726500000000001
192,N,200,P,0,-0.187396
129,F,184,D,0,-0.187408
145,T,181,E,0,-0.187569
168,F,171,V,0,-0.187654
151,D,197,Y,0,-0.187692
152,I,177,G,0,-0.18776600000000002
167,G,178,A,0,-0.18797
128,I,204,R,0,-0.188074
131,K,189,M,0,-0.18821300000000002
191,L,200,P,0,-0.18878599999999998
127,N,151,D,0,-0.189212
123,K,185,A,0,-0.18929100000000001
174,E,180,K,0,-0.18931900000000002
123,K,183,I,0,-0.189399
147,S,194,Q,0,-0.18948099999999998
133,L,161,E,0,-0.189724
136,D,179,A,0,-0.189762
173,F,202,L,0,-0.189843
134,H,149,F,0,-0.19004000000000001
151,D,203,S,0,-0.190077
153,L,184,D,0,-0.19039
134,H,173,F,0,-0.190444
142,L,156,K,0,-0.190448
152,I,159,T,0,-0.19073800000000002
137,I,178,A,0,-0.190892
156,K,173,F,0,-0.191102
149,F,180,K,0,-0.191143
141,A,160,D,0,-0.19148099999999998
169,G,181,E,0,-0.191503
153,L,181,E,0,-0.191716
129,F,143,Y,0,-0.191912
130,I,165,S,0,-0.192184
132,N,149,F,0,-0.192563
131,K,165,S,0,-0.19278299999999998
170,F,187,N,0,-0.192886
158,A,185,A,0,-0.19305
127,N,189,M,0,-0.19322
138,D,185,A,0,-0.193243
144,D,201,H,0,-0.193392
136,D,153,L,0,-0.193521
145,T,156,K,0,-0.193633
167,G,192,N,0,-0.19373800000000002
163,G,179,A,0,-0.193796
127,N,180,K,0,-0.19381400000000001
164,K,185,A,0,-0.19416
130,I,139,N,0,-0.194272
169,G,202,L,0,-0.194305
147,S,198,V,0,-0.194358
141,A,152,I,0,-0.194407
146,F,166,K,0,-0.19456800000000002
137,I,153,L,0,-0.19459400000000002
125,S,198,V,0,-0.194714
144,D,203,S,0,-0.194795
127,N,193,G,0,-0.195223
172,H,195,E,0,-0.195242
163,G,197,Y,0,-0.195251
155,S,201,H,0,-0.195258
163,G,201,H,0,-0.19528399999999999
125,S,150,G,0,-0.19537100000000002
165,S,178,A,0,-0.195526
141,A,196,I,0,-0.195635
171,V,193,G,0,-0.195659
142,L,185,A,0,-0.19601500000000002
124,G,149,F,0,-0.196216
131,K,196,I,0,-0.196364
132,N,179,A,0,-0.196605
148,V,169,G,0,-0.196631
154,S,176,E,0,-0.196919
159,T,177,G,0,-0.19726300000000002
168,F,173,F,0,-0.19746
169,G,183,I,0,-0.197468
131,K,169,G,0,-0.197997
150,G,156,K,0,-0.19811099999999998
138,D,152,I,0,-0.19819900000000001
131,K,182,A,0,-0.198215
152,I,190,L,0,-0.19858800000000001
131,K,174,E,0,-0.198601
138,D,197,Y,0,-0.198871
158,A,188,G,0,-0.199045
131,K,155,S,0,-0.199255
178,A,191,L,0,-0.19927899999999998
142,L,174,E,0,-0.19934000000000002
128,I,147,S,0,-0.200046
129,F,189,M,0,-0.200185
164,K,186,L,0,-0.200239
139,N,186,L,0,-0.200355
131,K,146,F,0,-0.20069800000000002
185,A,192,N,0,-0.200787
167,G,173,F,0,-0.201014
129,F,177,G,0,-0.201093
131,K,142,L,0,-0.20112
157,I,201,H,0,-0.201268
154,S,166,K,0,-0.201308
142,L,197,Y,0,-0.201345
186,L,193,G,0,-0.201779
156,K,179,A,0,-0.201931
178,A,197,Y,0,-0.202001
146,F,160,D,0,-0.202255
186,L,201,H,0,-0.202336
137,I,143,Y,0,-0.202378
172,H,194,Q,0,-0.20283099999999998
136,D,189,M,0,-0.203034
151,D,169,G,0,-0.203077
154,S,185,A,0,-0.203657
127,N,185,A,0,-0.20403
127,N,165,S,0,-0.204377
138,D,149,F,0,-0.204525
145,T,178,A,0,-0.20456300000000002
133,L,182,A,0,-0.20468499999999998
131,K,141,A,0,-0.205321
123,K,132,N,0,-0.205379
126,G,189,M,0,-0.205508
152,I,195,E,0,-0.20559899999999998
140,K,157,I,0,-0.205816
151,D,156,K,0,-0.205977
154,S,192,N,0,-0.20605
158,A,189,M,0,-0.206287
128,I,189,M,0,-0.206333
172,H,198,V,0,-0.206404
179,A,196,I,0,-0.20647800000000002
173,F,194,Q,0,-0.20654299999999998
178,A,199,A,0,-0.206738
140,K,186,L,0,-0.206777
137,I,186,L,0,-0.206853
178,A,202,L,0,-0.20695500000000003
174,E,198,V,0,-0.207089
141,A,197,Y,0,-0.207238
136,D,174,E,0,-0.207312
153,L,195,E,0,-0.207348
166,K,201,H,0,-0.207434
180,K,192,N,0,-0.20743899999999998
139,N,180,K,0,-0.20779
132,N,146,F,0,-0.20789000000000002
155,S,174,E,0,-0.20810599999999999
146,F,203,S,0,-0.208125
168,F,184,D,0,-0.208146
149,F,167,G,0,-0.20821900000000002
170,F,191,L,0,-0.20836
158,A,204,R,0,-0.20882199999999998
146,F,195,E,0,-0.208828
147,S,200,P,0,-0.209654
192,N,202,L,0,-0.20965599999999998
148,V,168,F,0,-0.20968699999999998
154,S,184,D,0,-0.20984099999999997
162,N,178,A,0,-0.20990799999999998
139,N,174,E,0,-0.20999099999999998
140,K,200,P,0,-0.210296
149,F,172,H,0,-0.210439
153,L,187,N,0,-0.21051799999999998
129,F,188,G,0,-0.210752
167,G,171,V,0,-0.21084299999999997
125,S,155,S,0,-0.21089699999999997
177,G,186,L,0,-0.21103899999999998
124,G,181,E,0,-0.211323
125,S,169,G,0,-0.21153000000000002
124,G,171,V,0,-0.21161
153,L,160,D,0,-0.21166999999999997
165,S,171,V,0,-0.21186100000000002
191,L,201,H,0,-0.21188600000000002
156,K,178,A,0,-0.211955
179,A,197,Y,0,-0.212088
166,K,177,G,0,-0.212108
128,I,166,K,0,-0.21228400000000003
196,I,204,R,0,-0.212644
176,E,197,Y,0,-0.21320100000000003
123,K,189,M,0,-0.213207
134,H,158,A,0,-0.21330700000000002
127,N,143,Y,0,-0.213468
145,T,180,K,0,-0.21365900000000002
158,A,180,K,0,-0.21366
123,K,128,I,0,-0.213745
131,K,147,S,0,-0.213927
127,N,144,D,0,-0.214187
141,A,172,H,0,-0.214378
145,T,203,S,0,-0.214443
124,G,187,N,0,-0.21448000000000003
154,S,171,V,0,-0.214759
142,L,178,A,0,-0.214785
179,A,188,G,0,-0.215027
153,L,199,A,0,-0.215045
125,S,182,A,0,-0.215175
158,A,187,N,0,-0.215236
139,N,191,L,0,-0.21529
141,A,184,D,0,-0.215808
151,D,186,L,0,-0.216052
133,L,199,A,0,-0.21606399999999998
158,A,186,L,0,-0.21611799999999998
157,I,186,L,0,-0.21615
159,T,176,E,0,-0.216439
123,K,186,L,0,-0.21687800000000002
137,I,190,L,0,-0.21725799999999998
127,N,147,S,0,-0.21735300000000002
133,L,183,I,0,-0.218077
173,F,190,L,0,-0.218131
124,G,178,A,0,-0.21815
145,T,161,E,0,-0.21821100000000002
165,S,181,E,0,-0.21845599999999998
193,G,197,Y,0,-0.218511
142,L,189,M,0,-0.218637
170,F,202,L,0,-0.218737
146,F,191,L,0,-0.21874200000000002
137,I,184,D,0,-0.219096
124,G,198,V,0,-0.219426
179,A,192,N,0,-0.219536
126,G,156,K,0,-0.21965700000000002
160,D,191,L,0,-0.2203
130,I,202,L,0,-0.220511
157,I,173,F,0,-0.220685
135,P,174,E,0,-0.22081399999999998
126,G,191,L,0,-0.22083699999999998
128,I,185,A,0,-0.221061
127,N,194,Q,0,-0.22109099999999998
132,N,150,G,0,-0.221286
126,G,169,G,0,-0.22150599999999998
127,N,146,F,0,-0.22165500000000002
159,T,194,Q,0,-0.22185700000000003
152,I,186,L,0,-0.221987
157,I,176,E,0,-0.22214699999999998
184,D,192,N,0,-0.222336
149,F,190,L,0,-0.22275100000000003
141,A,158,A,0,-0.222752
133,L,181,E,0,-0.222775
138,D,186,L,0,-0.222906
144,D,196,I,0,-0.22293600000000002
149,F,194,Q,0,-0.223498
182,A,197,Y,0,-0.223622
129,F,187,N,0,-0.224
178,A,189,M,0,-0.22409899999999996
136,D,178,A,0,-0.224127
129,F,139,N,0,-0.224273
135,P,153,L,0,-0.22429000000000002
126,G,167,G,0,-0.224411
126,G,187,N,0,-0.224462
175,E,187,N,0,-0.22463200000000003
137,I,173,F,0,-0.224742
141,A,153,L,0,-0.225037
165,S,179,A,0,-0.22521599999999997
173,F,197,Y,0,-0.225802
152,I,167,G,0,-0.225852
154,S,173,F,0,-0.225906
128,I,176,E,0,-0.225944
165,S,189,M,0,-0.225944
150,G,159,T,0,-0.226055
151,D,176,E,0,-0.22606700000000002
129,F,175,E,0,-0.226096
126,G,194,Q,0,-0.226179
135,P,151,D,0,-0.22646
179,A,193,G,0,-0.22647199999999998
139,N,200,P,0,-0.22648400000000002
153,L,196,I,0,-0.22657800000000003
166,K,186,L,0,-0.22668000000000002
167,G,170,F,0,-0.22710999999999998
129,F,144,D,0,-0.22731500000000002
150,G,199,A,0,-0.227383
158,A,196,I,0,-0.22746100000000002
155,S,199,A,0,-0.22764299999999998
148,V,194,Q,0,-0.227694
137,I,203,S,0,-0.22789099999999998
156,K,180,K,0,-0.228046
171,V,192,N,0,-0.22815
137,I,202,L,0,-0.228287
126,G,159,T,0,-0.228634
133,L,179,A,0,-0.228671
136,D,199,A,0,-0.228804
162,N,187,N,0,-0.228858
181,E,200,P,0,-0.228919
178,A,186,L,0,-0.22913699999999998
137,I,156,K,0,-0.22914099999999998
138,D,172,H,0,-0.22919099999999998
182,A,195,E,0,-0.229266
192,N,198,V,0,-0.229303
157,I,202,L,0,-0.22952199999999998
139,N,204,R,0,-0.230169
136,D,154,S,0,-0.230567
149,F,164,K,0,-0.23064099999999998
141,A,174,E,0,-0.23091799999999998
145,T,169,G,0,-0.231281
159,T,186,L,0,-0.231339
126,G,137,I,0,-0.231411
155,S,180,K,0,-0.231864
138,D,160,D,0,-0.23191199999999998
158,A,171,V,0,-0.231963
128,I,192,N,0,-0.23231100000000002
166,K,188,G,0,-0.23242600000000002
137,I,151,D,0,-0.233715
144,D,153,L,0,-0.23377399999999998
129,F,160,D,0,-0.23384000000000002
135,P,196,I,0,-0.234494
141,A,171,V,0,-0.23453400000000002
139,N,176,E,0,-0.23485100000000003
123,K,170,F,0,-0.23519
143,Y,198,V,0,-0.235463
192,N,197,Y,0,-0.23562199999999997
128,I,167,G,0,-0.2358
126,G,186,L,0,-0.23642800000000003
151,D,165,S,0,-0.236436
144,D,156,K,0,-0.236641
182,A,194,Q,0,-0.236762
124,G,185,A,0,-0.236806
156,K,192,N,0,-0.237002
152,I,183,I,0,-0.237069
146,F,159,T,0,-0.23711100000000002
131,K,178,A,0,-0.23735100000000003
167,G,187,N,0,-0.237564
136,D,186,L,0,-0.23766199999999998
148,V,172,H,0,-0.237933
135,P,158,A,0,-0.23798699999999998
167,G,189,M,0,-0.23836300000000002
172,H,189,M,0,-0.23914699999999997
159,T,196,I,0,-0.239713
136,D,200,P,0,-0.23979299999999998
154,S,183,I,0,-0.24021199999999998
127,N,155,S,0,-0.24038400000000001
127,N,138,D,0,-0.24040100000000003
152,I,200,P,0,-0.240431
139,N,193,G,0,-0.240533
154,S,196,I,0,-0.24062600000000003
179,A,186,L,0,-0.24079499999999998
158,A,190,L,0,-0.2413
191,L,199,A,0,-0.24206100000000003
147,S,191,L,0,-0.242733
169,G,192,N,0,-0.24293299999999998
166,K,178,A,0,-0.24299
128,I,195,E,0,-0.243006
165,S,185,A,0,-0.24305300000000002
159,T,172,H,0,-0.243628
135,P,185,A,0,-0.243652
133,L,204,R,0,-0.24371700000000002
149,F,200,P,0,-0.24387199999999998
163,G,200,P,0,-0.244077
132,N,182,A,0,-0.24447800000000003
128,I,174,E,0,-0.245522
164,K,200,P,0,-0.245556
138,D,201,H,0,-0.245692
144,D,172,H,0,-0.245746
158,A,200,P,0,-0.245863
138,D,183,I,0,-0.24605700000000003
135,P,189,M,0,-0.24623
181,E,199,A,0,-0.24624400000000002
181,E,197,Y,0,-0.24631399999999998
157,I,192,N,0,-0.24651700000000001
149,F,163,G,0,-0.24695799999999998
164,K,201,H,0,-0.247304
143,Y,183,I,0,-0.247613
153,L,186,L,0,-0.247935
128,I,135,P,0,-0.247941
136,D,155,S,0,-0.248108
127,N,140,K,0,-0.248158
174,E,195,E,0,-0.248164
137,I,148,V,0,-0.24822399999999997
133,L,202,L,0,-0.24842600000000004
132,N,198,V,0,-0.24874699999999997
157,I,199,A,0,-0.248919
134,H,172,H,0,-0.249169
137,I,195,E,0,-0.249302
169,G,185,A,0,-0.249683
151,D,168,F,0,-0.24969699999999997
154,S,181,E,0,-0.24973800000000002
137,I,185,A,0,-0.249825
189,M,201,H,0,-0.25048200000000004
145,T,150,G,0,-0.250888
134,H,151,D,0,-0.251006
159,T,187,N,0,-0.251227
149,F,165,S,0,-0.251237
172,H,184,D,0,-0.251587
151,D,183,I,0,-0.251791
151,D,157,I,0,-0.251832
129,F,141,A,0,-0.252096
146,F,194,Q,0,-0.252352
126,G,192,N,0,-0.252948
173,F,180,K,0,-0.25295
131,K,180,K,0,-0.25295300000000004
158,A,191,L,0,-0.253137
158,A,176,E,0,-0.253328
155,S,202,L,0,-0.25342800000000004
147,S,197,Y,0,-0.253558
174,E,189,M,0,-0.253662
137,I,183,I,0,-0.253889
160,D,179,A,0,-0.253909
138,D,178,A,0,-0.253915
158,A,195,E,0,-0.254445
149,F,157,I,0,-0.254456
182,A,201,H,0,-0.25463800000000003
169,G,200,P,0,-0.254805
140,K,176,E,0,-0.254907
165,S,174,E,0,-0.255696
132,N,181,E,0,-0.25602199999999997
145,T,153,L,0,-0.256135
154,S,193,G,0,-0.256161
159,T,179,A,0,-0.25624
124,G,157,I,0,-0.256791
145,T,163,G,0,-0.25709499999999996
133,L,139,N,0,-0.257166
174,E,186,L,0,-0.257201
141,A,169,G,0,-0.25761100000000003
183,I,194,Q,0,-0.257809
160,D,173,F,0,-0.258237
140,K,196,I,0,-0.25825
157,I,183,I,0,-0.25845100000000004
147,S,168,F,0,-0.258585
180,K,190,L,0,-0.258918
135,P,148,V,0,-0.259243
153,L,190,L,0,-0.259434
141,A,183,I,0,-0.259604
152,I,189,M,0,-0.259764
138,D,173,F,0,-0.26000700000000004
134,H,174,E,0,-0.260229
131,K,190,L,0,-0.26072399999999996
153,L,198,V,0,-0.26095100000000004
178,A,198,V,0,-0.261094
172,H,192,N,0,-0.261389
131,K,191,L,0,-0.262208
127,N,175,E,0,-0.262234
157,I,161,E,0,-0.26318
149,F,158,A,0,-0.26347
170,F,178,A,0,-0.263957
145,T,200,P,0,-0.264004
165,S,180,K,0,-0.265138
129,F,179,A,0,-0.26581
178,A,192,N,0,-0.265972
135,P,173,F,0,-0.266102
137,I,160,D,0,-0.266358
172,H,178,A,0,-0.266413
131,K,186,L,0,-0.26652600000000004
157,I,178,A,0,-0.266675
146,F,156,K,0,-0.266871
132,N,155,S,0,-0.267252
146,F,199,A,0,-0.26931700000000003
126,G,199,A,0,-0.26932
156,K,177,G,0,-0.26965
139,N,188,G,0,-0.27007800000000004
141,A,199,A,0,-0.27014
132,N,184,D,0,-0.270148
173,F,203,S,0,-0.270637
127,N,186,L,0,-0.2712
126,G,196,I,0,-0.272294
158,A,192,N,0,-0.272542
174,E,199,A,0,-0.272825
129,F,145,T,0,-0.27303299999999997
126,G,131,K,0,-0.273074
128,I,156,K,0,-0.27329499999999995
137,I,200,P,0,-0.273669
135,P,179,A,0,-0.273967
162,N,175,E,0,-0.27418200000000004
154,S,189,M,0,-0.274769
150,G,166,K,0,-0.274935
125,S,157,I,0,-0.275088
144,D,176,E,0,-0.275989
170,F,186,L,0,-0.27608299999999997
152,I,165,S,0,-0.276294
155,S,176,E,0,-0.276319
159,T,197,Y,0,-0.276523
127,N,191,L,0,-0.277074
178,A,188,G,0,-0.277649
128,I,190,L,0,-0.27775500000000003
162,N,179,A,0,-0.277827
131,K,148,V,0,-0.278531
141,A,179,A,0,-0.278814
151,D,199,A,0,-0.279549
135,P,154,S,0,-0.279595
142,L,153,L,0,-0.279667
136,D,152,I,0,-0.280211
128,I,154,S,0,-0.28076100000000004
156,K,174,E,0,-0.28188
165,S,183,I,0,-0.28221399999999996
176,E,199,A,0,-0.282667
145,T,159,T,0,-0.28298
143,Y,203,S,0,-0.28326599999999996
144,D,158,A,0,-0.283722
126,G,198,V,0,-0.28381
137,I,188,G,0,-0.284439
169,G,179,A,0,-0.284654
131,K,145,T,0,-0.284853
151,D,201,H,0,-0.285553
182,A,199,A,0,-0.285724
152,I,194,Q,0,-0.286269
125,S,192,N,0,-0.286635
165,S,198,V,0,-0.287247
156,K,191,L,0,-0.287945
141,A,168,F,0,-0.288707
143,Y,178,A,0,-0.289951
149,F,197,Y,0,-0.2904
135,P,152,I,0,-0.291122
150,G,189,M,0,-0.291271
152,I,168,F,0,-0.291416
134,H,180,K,0,-0.291617
143,Y,196,I,0,-0.291646
177,G,198,V,0,-0.291729
158,A,193,G,0,-0.29204600000000003
155,S,179,A,0,-0.292592
124,G,173,F,0,-0.293074
132,N,143,Y,0,-0.293118
126,G,184,D,0,-0.293792
139,N,145,T,0,-0.295462
126,G,163,G,0,-0.295675
160,D,186,L,0,-0.296195
131,K,183,I,0,-0.296538
145,T,165,S,0,-0.29667
152,I,197,Y,0,-0.29701500000000003
130,I,156,K,0,-0.29752199999999995
172,H,187,N,0,-0.29840500000000003
130,I,175,E,0,-0.299377
164,K,180,K,0,-0.30004699999999995
127,N,177,G,0,-0.301553
132,N,186,L,0,-0.30194899999999997
139,N,202,L,0,-0.302028
148,V,156,K,0,-0.303113
141,A,200,P,0,-0.303553
153,L,201,H,0,-0.303677
129,F,178,A,0,-0.304369
136,D,197,Y,0,-0.30439299999999997
129,F,182,A,0,-0.304579
125,S,163,G,0,-0.305569
156,K,186,L,0,-0.306397
126,G,147,S,0,-0.30649099999999996
175,E,194,Q,0,-0.30723
150,G,167,G,0,-0.30730100000000005
144,D,199,A,0,-0.30838899999999997
131,K,179,A,0,-0.310029
162,N,192,N,0,-0.31046599999999996
156,K,184,D,0,-0.310653
149,F,160,D,0,-0.31165
128,I,148,V,0,-0.312199
134,H,148,V,0,-0.312419
173,F,188,G,0,-0.312735
131,K,150,G,0,-0.313645
176,E,194,Q,0,-0.31398200000000004
173,F,187,N,0,-0.314979
180,K,197,Y,0,-0.316139
132,N,170,F,0,-0.316515
127,N,181,E,0,-0.316631
150,G,158,A,0,-0.31705700000000003
127,N,196,I,0,-0.31716700000000003
134,H,179,A,0,-0.317208
164,K,197,Y,0,-0.317298
137,I,172,H,0,-0.318171
145,T,176,E,0,-0.320046
155,S,189,M,0,-0.32021
145,T,201,H,0,-0.32067399999999996
164,K,178,A,0,-0.323928
155,S,183,I,0,-0.32476900000000003
131,K,149,F,0,-0.325759
165,S,200,P,0,-0.327108
141,A,201,H,0,-0.327861
186,L,200,P,0,-0.328029
155,S,200,P,0,-0.328584
179,A,194,Q,0,-0.329532
158,A,177,G,0,-0.329588
172,H,191,L,0,-0.330383
135,P,186,L,0,-0.330497
150,G,194,Q,0,-0.33176700000000003
151,D,200,P,0,-0.333311
151,D,192,N,0,-0.335635
128,I,143,Y,0,-0.336251
175,E,199,A,0,-0.337121
147,S,159,T,0,-0.338563
126,G,141,A,0,-0.338828
153,L,185,A,0,-0.340675
134,H,160,D,0,-0.340968
169,G,197,Y,0,-0.341078
174,E,192,N,0,-0.342161
155,S,195,E,0,-0.342692
158,A,174,E,0,-0.343185
128,I,165,S,0,-0.344262
127,N,174,E,0,-0.34776599999999996
143,Y,197,Y,0,-0.34865300000000005
125,S,173,F,0,-0.34995
154,S,178,A,0,-0.35003
131,K,151,D,0,-0.350747
186,L,194,Q,0,-0.350932
163,G,186,L,0,-0.35183400000000004
168,F,186,L,0,-0.353221
129,F,151,D,0,-0.353327
146,F,167,G,0,-0.354401
176,E,189,M,0,-0.355599
135,P,180,K,0,-0.362021
186,L,203,S,0,-0.363595
127,N,184,D,0,-0.366929
174,E,201,H,0,-0.367112
137,I,162,N,0,-0.367962
150,G,201,H,0,-0.37027
141,A,178,A,0,-0.372717
149,F,168,F,0,-0.373802
131,K,185,A,0,-0.374808
189,M,200,P,0,-0.377919
158,A,175,E,0,-0.38063800000000003
130,I,197,Y,0,-0.380996
131,K,181,E,0,-0.381517
126,G,145,T,0,-0.385905
172,H,181,E,0,-0.38647
149,F,156,K,0,-0.38713800000000004
137,I,197,Y,0,-0.389546
149,F,192,N,0,-0.392438
178,A,200,P,0,-0.392687
168,F,179,A,0,-0.393764
153,L,197,Y,0,-0.398619
172,H,185,A,0,-0.399845
153,L,200,P,0,-0.402905
150,G,170,F,0,-0.40575900000000004
143,Y,199,A,0,-0.41013599999999995
168,F,188,G,0,-0.42352700000000004
150,G,165,S,0,-0.429648
128,I,158,A,0,-0.430792
127,N,178,A,0,-0.44691499999999995
149,F,199,A,0,-0.48516000000000004
