# Reference: Melamed et al., RNA 2013 (Supplementary Table 2), PMID: 24064791
# Experimental data columns: linear, log
mutant;linear;log
G126A;0.711743232;-0.490571226
G126C;0.449026715;-1.155126815
G126E;0.588928368;-0.763835927
G126D;0.229852843;-2.121217584
G126N;0.679434676;-0.557593245
G126S;0.721788343;-0.470352252
G126R;0.313689694;-1.672589965
G126W;0.226031523;-2.145404108
G126V;0.230314981;-2.118319838
N127A;0.062650042;-3.996540722
N127C;0.024995925;-5.322163301
N127E;0.027818045;-5.167835154
N127D;0.092973688;-3.427033706
N127G;0.062339233;-4.003715775
N127F;0.040344299;-4.631491359
N127I;0.059962776;-4.059789016
N127H;0.047049254;-4.409684339
N127K;0.106342179;-3.233214158
N127L;0.029995109;-5.059128895
N127Q;0.135272062;-2.886064186
N127P;0.042361514;-4.561102031
N127S;0.090002529;-3.47389065
N127R;0.07300397;-3.775881268
N127T;0.044739787;-4.482297799
N127V;0.022768565;-5.456812828
N127Y;0.042368631;-4.560859677
I128A;0.413213877;-1.275039389
I128C;0.809561882;-0.304786732
I128G;0.034152847;-4.871850327
I128F;0.055125025;-4.181148786
I128H;0.167680994;-2.576208923
I128K;0.025665458;-5.284028172
I128M;0.819935615;-0.286417467
I128L;0.956552144;-0.064084479
I128N;0.421403732;-1.246725005
I128P;0.032117668;-4.960489027
I128S;0.104905837;-3.252833143
I128R;0.024334657;-5.360843769
I128T;0.826977841;-0.274079422
I128V;0.90688375;-0.141010466
I128Y;0.082129466;-3.605956267
F129A;0.047908855;-4.383563845
F129C;0.056152415;-4.154508127
F129G;0.040109739;-4.639903599
F129I;0.153378856;-2.70482848
F129H;0.185828287;-2.427957965
F129M;0.021292825;-5.553488847
F129L;0.096322196;-3.375987902
F129N;0.100860748;-3.309563264
F129S;0.061435844;-4.024775569
F129R;0.051102779;-4.290454441
F129T;0.13853163;-2.851712681
F129W;0.045387337;-4.461566357
F129V;0.058542172;-4.094379924
F129Y;1.039766256;0.056259241
I130A;0.717802041;-0.47834207
I130C;0.781004736;-0.356596798
I130D;0.032851787;-4.927884362
I130G;0.065703573;-3.927884362
I130F;0.461896214;-1.114359374
I130H;0.071227325;-3.811425385
I130K;0.106464123;-3.231560752
I130M;0.927107068;-0.109192135
I130L;1.024281564;0.034612351
I130N;0.103044032;-3.278667144
I130P;0.089429863;-3.483099519
I130S;0.126146252;-2.986830751
I130R;0.035198343;-4.828348688
I130T;0.689047215;-0.537325251
I130V;0.858048625;-0.220868688
I130Y;0.085171298;-3.553488847
K131A;0.335507607;-1.575582618
K131C;0.281065285;-1.831022822
K131E;0.100301621;-3.317583176
K131D;0.025896679;-5.271089116
K131G;0.313585235;-1.673070463
K131I;0.061160241;-4.031262102
K131H;0.216409582;-2.208163714
K131M;0.062306421;-4.004475337
K131L;0.054954275;-4.185624468
K131N;0.143878782;-2.797074248
K131Q;0.114325622;-3.128779327
K131P;0.014836291;-6.07472575
K131S;0.329209482;-1.602922207
K131R;0.854050198;-0.227607226
K131T;0.059495756;-4.071069423
K131W;0.158917179;-2.653653009
K131V;0.042585649;-4.553488847
K131Y;0.158855678;-2.654211435
N132A;1.029255513;0.041601177
N132C;0.825419333;-0.276800865
N132E;0.587541567;-0.767237174
N132D;0.598524468;-0.740517869
N132G;0.86042151;-0.216884504
N132F;0.808959012;-0.305861488
N132I;0.299041464;-1.741582557
N132H;0.922015851;-0.117136541
N132K;1.024934487;0.035531697
N132M;0.753460769;-0.408395698
N132L;0.730610044;-0.452826508
N132Q;0.870906516;-0.199410228
N132P;0.758048149;-0.399638608
N132S;0.938513912;-0.091549965
N132R;1.094081819;0.129720631
N132T;0.640878512;-0.641877197
N132V;0.448707328;-1.156153349
N132Y;0.817462946;-0.290774758
L133A;0.390502368;-1.356596798
L133C;0.590368291;-0.76031286
L133E;0.051484143;-4.279728035
L133F;0.924148958;-0.113802685
L133I;1.03835111;0.054294361
L133K;0.057490626;-4.12052944
L133M;0.946810993;-0.078851639
L133Q;0.070396685;-3.828348688
L133P;0.046457072;-4.427957965
L133S;0.098464609;-3.344250921
L133R;0.023307011;-5.42309221
L133T;0.451372687;-1.147608974
L133W;0.056352735;-4.149370568
L133V;0.962821986;-0.054659009
L133Y;0.082129466;-3.605956267
H134A;0.838181095;-0.254666112
H134C;0.976194112;-0.034760045
H134E;0.818849121;-0.288330447
H134D;1.064959529;0.090798606
H134G;0.890065722;-0.168016227
H134F;0.793696502;-0.333340647
H134I;0.99352733;-0.009368441
H134K;0.79034223;-0.339450597
H134M;0.628248082;-0.670593732
H134L;1.03217468;0.045687146
H134N;1.101929197;0.140031528
H134Q;0.900618222;-0.151012427
H134P;1.040896517;0.057826647
H134S;0.867543922;-0.204991295
H134R;0.829494074;-0.269696421
H134T;0.901523962;-0.149562257
H134V;1.051100483;0.071900594
H134Y;0.799517398;-0.322798668
P135A;1.02701377;0.038455525
P135C;1.012823145;0.018382278
P135D;0.969880033;-0.044121787
P135G;0.782346669;-0.354120068
P135F;1.03413017;0.048417795
P135I;0.933977412;-0.098540436
P135H;0.990642162;-0.013564071
P135L;1.047671732;0.067186747
P135N;0.941100683;-0.087579018
P135Q;1.153664496;0.206223727
P135S;1.024196828;0.034492995
P135R;1.040147459;0.056788071
P135T;1.059721172;0.083684721
P135V;1.112721801;0.15409294
P135Y;0.885318911;-0.175730855
D136A;0.972866638;-0.039686044
D136C;0.984371877;-0.022724654
D136E;0.853471763;-0.228584672
D136G;0.813717785;-0.297399572
D136F;1.003417299;0.004921716
D136I;0.855232459;-0.225611486
D136H;1.088617273;0.122496833
D136K;0.636503364;-0.651759956
D136L;1.107347861;0.1471085
D136N;0.881276303;-0.182333682
D136Q;0.884471175;-0.177112968
D136P;0.245553184;-2.025892566
D136S;0.93986799;-0.089469959
D136R;0.734217638;-0.445720322
D136T;0.78311556;-0.352702882
D136V;0.905118948;-0.143820696
D136Y;0.944138144;-0.082930127
I137A;0.387930671;-1.366129252
I137C;0.538329846;-0.893437682
I137D;0.060516449;-4.046528858
I137G;0.029331952;-5.091383094
I137F;0.585169946;-0.773072418
I137H;0.234221071;-2.094057228
I137K;0.102121507;-3.291641356
I137M;0.584683917;-0.774271186
I137L;0.801001824;-0.320122567
I137N;0.165554164;-2.594624794
I137P;0.058555268;-4.094057228
I137S;0.205772789;-2.28087588
I137R;0.049803556;-4.32760744
I137T;0.431186569;-1.213615853
I137V;0.770355557;-0.376403621
I137Y;0.440582371;-1.182516327
D138A;0.58302597;-0.778367947
D138C;0.858526688;-0.220065113
D138E;0.754585957;-0.406242842
D138G;0.738283904;-0.437752389
D138F;0.386337009;-1.372068207
D138I;0.565481571;-0.822448087
D138H;0.913983673;-0.1297597
D138K;0.441152562;-1.180650432
D138L;0.605789658;-0.723111145
D138N;0.934821971;-0.097236453
D138Q;0.625732948;-0.676381025
D138P;0.871342306;-0.198688503
D138S;0.739296394;-0.435775219
D138R;0.530682705;-0.914078562
D138T;0.624096105;-0.680159887
D138V;0.524002923;-0.932353236
D138Y;0.420693789;-1.249157578
N139A;0.886224774;-0.174255438
N139C;0.705984892;-0.502290784
N139E;0.399739512;-1.322867914
N139D;0.857708691;-0.221440355
N139G;0.932490199;-0.100839533
N139F;0.324606938;-1.623234258
N139I;0.610538282;-0.711846338
N139H;0.883681273;-0.178401984
N139K;0.376005045;-1.411176077
N139M;0.824294826;-0.278767655
N139L;0.597216059;-0.743675134
N139Q;0.861258043;-0.215482544
N139P;0.740499649;-0.433429044
N139S;0.884585633;-0.176926284
N139R;0.236474112;-2.080245844
N139T;0.855969815;-0.224368173
N139V;0.812501358;-0.29955787
N139Y;0.472952659;-1.080232312
K140A;0.689887517;-0.535566939
K140E;0.316643211;-1.659069948
K140D;0.206325245;-2.277007744
K140G;0.771584723;-0.374103516
K140I;0.55185413;-0.857641122
K140H;0.814977012;-0.29516873
K140M;0.656502579;-0.607127415
K140L;0.683379144;-0.549241876
K140N;0.599387918;-0.738438091
K140Q;0.68855667;-0.538352698
K140P;0.766541685;-0.383563845
K140S;0.641612356;-0.640226169
K140R;1.046506186;0.06558084
K140T;0.552503623;-0.855944171
K140W;0.774086387;-0.369433517
K140V;0.636673053;-0.651375392
K140Y;0.616613546;-0.697561511
A141C;1.510538027;0.595062504
A141E;0.463959441;-1.107929403
A141D;0.658949394;-0.601760421
A141G;0.780726033;-0.357111719
A141F;0.551117039;-0.859569362
A141I;0.704723808;-0.504870142
A141H;0.56905976;-0.81334793
A141L;0.876523753;-0.190134907
A141N;0.763009235;-0.390227576
A141P;0.29623595;-1.755181364
A141S;1.063916034;0.089384295
A141R;0.452682098;-1.143429842
A141T;1.052043271;0.073194045
A141V;0.828612388;-0.271230706
A141Y;0.610235699;-0.712561514
L142A;0.723566236;-0.466803006
L142C;0.966161916;-0.049663109
L142G;0.032237734;-4.95510583
L142F;1.054158376;0.076091633
L142I;0.8042288;-0.314322094
L142K;0.078396309;-3.673070463
L142M;0.964769752;-0.051743419
L142Q;0.335900289;-1.573895058
L142P;0.08623594;-3.535566939
L142S;0.093146364;-3.424356741
L142R;0.037331576;-4.743459791
L142T;0.544107714;-0.878035812
L142W;0.050678887;-4.30247134
L142V;0.839189264;-0.252931874
L142Y;0.263092697;-1.926356892
Y143A;0.894298633;-0.161171424
Y143C;0.727607702;-0.45876728
Y143E;0.380179949;-1.395245651
Y143D;0.721637609;-0.470653566
Y143G;0.537349573;-0.896067154
Y143F;1.004412883;0.006352439
Y143I;0.683098956;-0.549833508
Y143H;1.003854744;0.005550529
Y143K;0.911113319;-0.134297595
Y143L;0.881613546;-0.181781704
Y143N;1.036783632;0.052114847
Y143Q;0.81081005;-0.302564123
Y143P;0.097291829;-3.361537539
Y143S;0.848158596;-0.237594037
Y143R;1.011734604;0.016830896
Y143T;0.475129144;-1.073608392
Y143W;0.7475208;-0.419814372
Y143V;0.591982688;-0.756373109
D144A;0.955474543;-0.06571066
D144C;0.961318671;-0.05691334
D144E;1.056912048;0.079855326
D144G;0.876154052;-0.190743537
D144F;0.871464246;-0.198486619
D144I;0.922875845;-0.115791521
D144H;0.971402937;-0.041858246
D144K;0.975308756;-0.036069087
D144L;0.81366515;-0.297492895
D144N;0.974213448;-0.037690197
D144Q;1.005051958;0.007270086
D144P;0.127014175;-2.976938586
D144S;1.163182441;0.218077396
D144R;0.853146155;-0.22913518
D144T;1.142394383;0.192060791
D144V;0.970700926;-0.042901227
D144Y;0.886877396;-0.173193419
T145A;1.042326875;0.05980778
T145C;0.930382656;-0.104103892
T145D;0.22254436;-2.167835154
T145G;0.708788545;-0.496572807
T145F;0.548420068;-0.866646732
T145I;0.625987605;-0.675794005
T145H;0.589369315;-0.762756146
T145K;0.581414637;-0.782360704
T145M;0.86111501;-0.215722159
T145L;0.503284945;-0.990552653
T145N;0.556583587;-0.84532973
T145P;0.153468732;-2.703983347
T145S;1.071077191;0.099062457
T145R;0.440078341;-1.184167726
T145V;0.722802846;-0.468325907
T145Y;0.399052583;-1.325349232
F146A;0.845881191;-0.241473052
F146C;0.94752414;-0.077765396
F146D;0.0615971;-4.020993766
F146G;0.79223008;-0.336008616
F146I;0.94300666;-0.084660134
F146H;0.206966255;-2.272532533
F146M;1.03791802;0.053692497
F146L;1.039454452;0.055826542
F146N;0.238807217;-2.066081656
F146P;0.159696184;-2.646598251
F146S;0.684864649;-0.5461092
F146R;0.125760745;-2.991246423
F146T;0.717802041;-0.47834207
F146W;0.563633592;-0.827170497
F146V;0.864084052;-0.21075644
F146Y;0.689853849;-0.535637347
S147A;0.865589756;-0.208244669
S147C;0.845823207;-0.241571951
S147D;0.811952923;-0.300532013
S147G;0.9655477;-0.050580562
S147F;0.844121677;-0.244477122
S147I;0.844393575;-0.244012493
S147H;0.919243261;-0.121481399
S147L;1.126165998;0.171419498
S147N;0.99209488;-0.011449993
S147P;0.075353175;-3.730187892
S147R;0.892617621;-0.163885809
S147T;1.026427831;0.037632195
S147W;0.805151279;-0.31266822
S147V;0.87350099;-0.195118756
S147Y;0.819478629;-0.287221768
V148A;0.816810377;-0.291926901
V148E;0.883449633;-0.178780208
V148D;0.60885311;-0.715833885
V148G;0.610404245;-0.712163099
V148F;0.745689082;-0.423353876
V148I;1.06870542;0.095864241
V148K;0.604988569;-0.725020212
V148M;1.019467233;0.027815405
V148L;1.056643212;0.079488316
V148Q;0.676788387;-0.563223282
V148P;0.566106678;-0.820854152
V148S;0.763320922;-0.38963836
V148R;0.515696649;-0.955405424
V148T;0.865385219;-0.208585616
V148W;0.572615801;-0.804360614
F149A;0.15570378;-2.683124127
F149C;0.362425353;-1.464244214
F149D;0.017965821;-5.798601345
F149G;0.049077364;-4.348798427
F149I;0.717010059;-0.479934735
F149H;0.389878961;-1.358901791
F149M;1.027017015;0.038460084
F149L;0.776265487;-0.365377949
F149N;0.174971472;-2.514808379
F149P;0.057490626;-4.12052944
F149S;0.107162606;-3.222126522
F149R;0.129192419;-2.952406681
F149T;0.084723028;-3.561102031
F149W;0.950587585;-0.073108535
F149V;0.39866903;-1.32673656
F149Y;0.556732409;-0.844944025
G150A;0.61725798;-0.696054511
G150C;0.30304445;-1.722398674
G150E;0.052699741;-4.246060322
G150D;0.110568142;-3.176992336
G150F;0.021491823;-5.540068331
G150I;0.043553505;-4.521067369
G150H;0.01493263;-6.065387885
G150L;0.083840497;-3.576208923
G150N;0.170576584;-2.551508483
G150P;0.010266183;-6.605956267
G150S;0.656831779;-0.606404164
G150R;0.043596584;-4.519641076
G150T;0.083244346;-3.586503904
G150W;0.07734165;-3.692610649
G150V;0.045810772;-4.448169301
G150Y;0.016425893;-5.927884362
D151A;0.985499615;-0.021072787
D151C;0.779644302;-0.359112023
D151E;0.974267953;-0.037609484
D151G;0.939305973;-0.090332912
D151F;1.026198483;0.037309798
D151I;0.787920781;-0.343877509
D151H;0.928274298;-0.107376922
D151K;0.886870084;-0.173205313
D151L;0.768902536;-0.379127357
D151N;0.978529947;-0.031312092
D151Q;1.167344463;0.223230338
D151P;0.721221344;-0.471486002
D151S;0.953835101;-0.06818822
D151R;0.714340762;-0.485315647
D151T;0.794847604;-0.331249816
D151V;0.972492756;-0.040240591
D151Y;0.90186952;-0.149009371
I152A;0.166685406;-2.584800296
I152C;0.299788321;-1.737983915
I152D;0.016961958;-5.881553439
I152G;0.101065002;-3.306644603
I152F;0.055499654;-4.171377416
I152H;0.031915264;-4.969609616
I152K;0.028110795;-5.152731919
I152M;0.24905574;-2.005459432
I152L;0.591959775;-0.75642895
I152N;0.046778139;-4.41802172
I152P;0.135961886;-2.878725812
I152S;0.045343821;-4.462950209
I152R;0.032340801;-4.950500793
I152T;0.29395153;-1.766349809
I152V;0.817004047;-0.291584871
I152Y;0.04883678;-4.355888122
L153A;0.505038708;-0.985534131
L153C;0.499949213;-1.000146549
L153E;0.135758958;-2.880880697
L153G;0.438085846;-1.190714491
L153F;0.772661842;-0.372090943
L153I;0.415810295;-1.266002618
L153K;0.650093798;-0.621280205
L153M;0.972176869;-0.040709287
L153Q;0.723858235;-0.466220916
L153P;0.226452702;-2.142718342
L153S;0.824983633;-0.277562598
L153R;0.806419965;-0.310396738
L153T;0.67022054;-0.577292193
L153W;0.803164604;-0.316232405
L153V;0.512878592;-0.963310742
L153Y;0.700104833;-0.514357129
S154A;0.257897555;-1.955129998
S154C;0.404591627;-1.305461632
S154D;0.028875715;-5.113999525
S154G;0.127053146;-2.976496001
S154F;0.070660163;-3.82295911
S154I;0.101802703;-3.296152229
S154H;0.022458889;-5.476569604
S154L;0.07725642;-3.694201366
S154P;0.049251684;-4.343683135
S154R;0.2115314;-2.241056261
S154T;0.200400876;-2.31903928
S154W;0.109150202;-3.195613291
S154V;0.072404778;-3.787771293
S154Y;0.067566871;-3.887540139
S155A;0.786918337;-0.345714168
S155C;0.924188721;-0.113740613
S155E;0.388711547;-1.363228131
S155D;0.25504816;-1.971158403
S155G;0.816967431;-0.29164953
S155F;0.307386642;-1.701873621
S155I;0.306362715;-1.706687364
S155H;0.56307644;-0.828597306
S155K;0.070102892;-3.834382235
S155M;0.331326502;-1.59367449
S155L;0.736899149;-0.440460906
S155N;0.694240428;-0.526492715
S155P;0.378545245;-1.40146235
S155R;0.179943344;-2.474385357
S155T;0.533335269;-0.90688536
S155W;0.655690014;-0.608914172
S155V;0.501689579;-0.995133124
S155Y;0.614475213;-0.702573279
K156A;0.375917056;-1.411513721
K156E;0.058984989;-4.083508333
K156D;0.036792203;-4.764456126
K156G;0.052729566;-4.245244058
K156I;0.679441262;-0.557579261
K156H;0.27177372;-1.879522136
K156M;0.443346243;-1.173494246
K156L;0.689604907;-0.536158056
K156N;0.204442564;-2.290232506
K156Q;0.312454193;-1.678283395
K156P;0.015957632;-5.969609616
K156S;0.252459564;-1.985875765
K156R;0.674010415;-0.56915721
K156T;0.355056914;-1.493877794
K156W;0.369106964;-1.437889136
K156V;0.447057943;-1.161466264
K156Y;0.215384431;-2.215014127
I157A;0.602426679;-0.731142431
I157C;1.10459777;0.14352112
I157D;0.036383401;-4.780575791
I157G;0.062730001;-3.994700597
I157F;0.273047529;-1.872775995
I157H;0.492406928;-1.022077036
I157K;0.346071068;-1.53085976
I157M;0.999693578;-0.000442142
I157L;0.95752698;-0.062614957
I157N;0.289647474;-1.787630013
I157P;0.06530354;-3.936694993
I157S;0.397814363;-1.32983273
I157R;0.499582681;-1.001204631
I157T;0.762126235;-0.391898117
I157V;0.947624659;-0.077612354
I157Y;0.071522925;-3.80545046
A158C;1.1008311;0.138593134
A158E;0.550044038;-0.862380965
A158D;0.487228761;-1.037328797
A158G;0.814387559;-0.296212572
A158F;0.243441246;-2.038354472
A158I;0.515670247;-0.955479287
A158H;0.514612065;-0.958442814
A158L;0.153929772;-2.699655796
A158N;0.764357159;-0.387681175
A158P;0.909068129;-0.137539675
A158S;0.873176233;-0.195655234
A158R;0.708630189;-0.496895166
A158T;0.650884395;-0.619526768
A158V;0.953042213;-0.069387978
A158Y;0.051607661;-4.276270954
T159A;0.992654158;-0.010636926
T159C;1.05515571;0.077455915
T159D;0.853797138;-0.228034768
T159G;0.945198401;-0.081310906
T159F;0.802826214;-0.31684037
T159I;0.945462092;-0.08090848
T159H;0.420813759;-1.248746219
T159K;0.510204011;-0.970853855
T159M;1.219970421;0.286846169
T159L;1.001949061;0.002809164
T159N;0.896891167;-0.156995162
T159P;0.910218364;-0.135715401
T159S;0.990831397;-0.013288511
T159R;0.821232596;-0.284137204
T159V;1.036926922;0.052314223
T159Y;1.106177215;0.145582531
D160A;1.025337891;0.036099415
D160C;1.046561443;0.065657014
D160E;0.944627341;-0.082182802
D160G;1.024528557;0.034960197
D160F;0.977707948;-0.032524514
D160I;0.881039942;-0.182720669
D160H;0.992290341;-0.011165785
D160K;0.964204708;-0.052588621
D160L;1.009591749;0.013772025
D160N;1.006409096;0.009216866
D160Q;0.911472908;-0.133728319
D160P;0.308915667;-1.694715055
D160S;1.071382818;0.099474065
D160R;0.914596507;-0.128792686
D160T;1.029846726;0.042429634
D160V;0.870921701;-0.199385074
D160Y;1.009465022;0.013590922
E161A;1.052363798;0.073633525
E161D;0.993208092;-0.009832079
E161G;1.028314888;0.04028211
E161I;1.03483935;0.049406819
E161H;1.033061024;0.046925478
E161K;1.050292222;0.070790784
E161L;0.91219128;-0.132591716
E161N;1.172448368;0.229524391
E161Q;1.034312066;0.048671531
E161P;0.952355475;-0.070427923
E161S;0.87054347;-0.200011754
E161R;1.058685622;0.082274243
E161T;1.205067593;0.26911407
E161V;1.045318696;0.063942858
E161Y;1.033936888;0.048148126
N162A;0.995565693;-0.006411579
N162C;0.930140613;-0.104479265
N162E;1.069397165;0.096797758
N162D;0.989847862;-0.014721293
N162G;0.999849181;-0.000217602
N162F;1.054076389;0.075979424
N162I;0.927742375;-0.108203857
N162H;1.02679722;0.038151295
N162K;1.029582958;0.042060079
N162M;1.109808137;0.150310285
N162L;1.022490273;0.032087118
N162Q;0.95049673;-0.073246431
N162P;0.601473337;-0.73342731
N162S;0.97850183;-0.031353546
N162R;0.956866247;-0.063610819
N162T;0.986947454;-0.018954818
N162V;1.009006688;0.012935737
N162Y;0.914194103;-0.129427581
G163A;0.980699132;-0.028117494
G163C;0.811060251;-0.302119004
G163E;0.899167118;-0.153338818
G163D;0.914647645;-0.128712023
G163I;0.990883365;-0.013212845
G163K;0.798985583;-0.323758624
G163L;1.24768601;0.319254915
G163Q;0.93694096;-0.093969954
G163P;0.120352216;-3.054665386
G163S;0.907074665;-0.140706785
G163R;1.048650991;0.068534604
G163T;0.735409164;-0.44338094
G163W;0.775103363;-0.367539382
G163V;0.795389889;-0.330265873
K164A;0.718307633;-0.477326249
K164E;0.927805075;-0.108106357
K164D;0.886599116;-0.173646171
K164G;1.011658151;0.016721872
K164F;1.109250023;0.149584584
K164I;0.942820692;-0.084944674
K164H;0.777560865;-0.362972486
K164M;1.03805748;0.053886331
K164L;0.830377137;-0.268161372
K164N;0.958185783;-0.061622688
K164Q;0.936046115;-0.095348488
K164P;0.451145834;-1.14833423
K164S;0.927686214;-0.108291193
K164R;0.950060586;-0.073908577
K164T;0.942795106;-0.084983826
K164V;0.799731756;-0.322411919
K164Y;0.804570763;-0.313708782
S165A;0.927940267;-0.107896155
S165C;0.654068404;-0.612486572
S165D;0.321296201;-1.638024173
S165G;0.721892872;-0.470143335
S165F;0.86120174;-0.215576861
S165I;0.45479251;-1.136719602
S165H;1.004333459;0.006238352
S165L;0.82349261;-0.280172392
S165N;1.106661773;0.146214362
S165P;0.912190993;-0.13259217
S165R;0.65505094;-0.610320993
S165T;0.891848648;-0.165129197
S165W;0.523700466;-0.933186207
S165V;0.836538037;-0.257496954
S165Y;0.74468591;-0.425296035
K166A;0.502166729;-0.993761648
K166E;0.440687382;-1.182172507
K166D;0.335198924;-1.576910578
K166G;0.394763968;-1.340937781
K166I;0.480997571;-1.055898487
K166H;0.595108338;-0.748775763
K166M;0.702864036;-0.508682457
K166L;0.740202334;-0.43400841
K166N;0.506050927;-0.982645516
K166Q;0.654938649;-0.610568326
K166P;0.167840093;-2.574840714
K166S;0.470956104;-1.086335496
K166R;1.039985649;0.05656362
K166T;0.142179708;-2.814212515
K166W;0.325380007;-1.619802488
K166V;0.658552595;-0.602629431
K166Y;0.680785084;-0.554728667
G167A;0.957030772;-0.063362782
G167C;1.121656878;0.165631414
G167E;0.850222628;-0.234087438
G167D;0.339047675;-1.560439945
G167F;0.716460807;-0.481040308
G167I;0.099408199;-3.330491345
G167H;1.055237522;0.07756777
G167L;1.102047936;0.140186979
G167N;1.061182522;0.08567282
G167P;0.781173017;-0.356285979
G167S;1.031980323;0.045415463
G167R;1.139924376;0.188938117
G167T;0.841965989;-0.248166138
G167W;0.494095566;-1.017137986
G167V;0.18227928;-2.455777521
G167Y;0.786489499;-0.346500592
F168A;0.249690005;-2.001790021
F168C;0.236891436;-2.077702049
F168D;0.031915264;-4.969609616
F168I;0.232343721;-2.105667436
F168H;0.804125887;-0.314506721
F168M;0.665550014;-0.587381011
F168L;0.094666101;-3.401008291
F168N;0.050885875;-4.296590938
F168P;0.014437857;-6.113999525
F168S;0.208596807;-2.261211021
F168R;0.228146737;-2.131966072
F168T;0.113281651;-3.142013901
F168W;0.15067873;-2.730452312
F168V;0.294287439;-1.764702128
F168Y;0.870284839;-0.20044043
G169A;1.044262046;0.062483786
G169C;0.65024841;-0.620937128
G169E;0.037672642;-4.730338964
G169D;0.038082465;-4.714729342
G169K;0.013475334;-6.213535199
G169M;0.062460774;-4.000905746
G169L;0.023713576;-5.398142957
G169Q;0.011369813;-6.458647696
G169P;0.043941305;-4.508278464
G169S;0.455809943;-1.133495701
G169R;0.034884791;-4.841258019
G169T;0.02181259;-5.51869508
G169W;0.049860563;-4.325957023
G169V;0.04447894;-4.490733781
F170A;0.164348695;-2.605168094
F170C;0.126042227;-2.988020949
F170G;0.012766106;-6.291537711
F170I;0.042800271;-4.546236257
F170H;0.635970013;-0.652969352
F170M;0.315486696;-1.664348927
F170L;0.049255932;-4.343558712
F170N;0.292366613;-1.774149522
F170S;0.061896926;-4.013988439
F170R;0.028536001;-5.131073038
F170T;0.07875195;-3.666540548
F170W;0.744857024;-0.42496457
F170V;0.04101328;-4.607765056
F170Y;0.9494581;-0.074823759
V171A;0.875520122;-0.191787759
V171C;0.794765609;-0.33139865
V171E;0.057502501;-4.120231479
V171D;0.032661687;-4.936256861
V171G;0.397099684;-1.332426883
V171F;0.088764501;-3.493873358
V171I;0.817026792;-0.291544707
V171M;0.322826338;-1.631169809
V171L;0.459979377;-1.120358916
V171N;0.05775143;-4.113999525
V171P;0.074983711;-3.737278957
V171S;0.399924781;-1.322199417
V171T;0.667736862;-0.582648409
V171Y;0.030758914;-5.022851637
H172A;0.277624343;-1.84879402
H172C;0.257256369;-1.9587213
H172E;0.090958502;-3.458647696
H172D;0.182747675;-2.452075042
H172G;0.194044804;-2.365538292
H172F;0.097580002;-3.357270676
H172I;0.055126365;-4.181113721
H172K;0.242556005;-2.043610197
H172L;0.279770495;-1.837684274
H172N;0.298646226;-1.743490603
H172Q;0.73270601;-0.448693646
H172P;0.025456222;-5.295837848
H172S;0.248253629;-2.010113285
H172R;0.149581205;-2.740999186
H172T;0.065911958;-3.923315963
H172V;0.04890242;-4.353950318
H172Y;0.130079543;-2.942534005
F173A;0.038298317;-4.70657521
F173C;0.203148822;-2.299391093
F173D;0.020213;-5.628572698
F173G;0.009474844;-6.721682102
F173I;0.33299337;-1.586434643
F173H;0.15592886;-2.681040118
F173M;0.547360897;-0.869435723
F173L;0.739520468;-0.435338017
F173N;0.019250477;-5.698962026
F173P;0.014102093;-6.147946857
F173S;0.038612014;-4.694806396
F173R;0.038942478;-4.682511505
F173T;0.024255601;-5.365538292
F173W;0.312611;-1.677559549
F173V;0.152823052;-2.71006592
F173Y;0.96824545;-0.046555278
E174A;0.986194248;-0.020056257
E174D;0.913007681;-0.131301097
E174G;0.989115565;-0.015789004
E174I;0.93572252;-0.09584732
E174H;0.884493019;-0.177077339
E174K;1.053700209;0.075464461
E174L;0.867557989;-0.204967902
E174N;1.08178288;0.113410971
E174Q;1.007713577;0.011085639
E174P;0.619668626;-0.690431168
E174S;0.897457219;-0.156084926
E174R;0.865188608;-0.208913426
E174T;1.021969302;0.031351861
E174V;0.951073498;-0.072371259
E174Y;0.937303269;-0.093412181
E175A;1.005272604;0.007586777
E175D;1.011483466;0.016472738
E175G;0.880462718;-0.183666178
E175I;0.919805076;-0.120599936
E175H;0.994479621;-0.007986287
E175K;1.038989061;0.055180465
E175L;0.867536077;-0.205004341
E175N;0.985717686;-0.020753583
E175Q;1.028297419;0.040257603
E175P;0.843753688;-0.245106193
E175S;0.965447953;-0.050729609
E175R;1.016035026;0.022950138
E175T;0.811840428;-0.30073191
E175V;1.026708753;0.03802699
E175Y;0.933160761;-0.099802451
E176A;0.897948709;-0.155295055
E176D;0.924992675;-0.112486154
E176G;0.902172873;-0.148524188
E176F;0.419724681;-1.252484794
E176I;0.835341592;-0.259561823
E176H;0.717560565;-0.478827488
E176K;0.906989159;-0.140842788
E176L;0.94950938;-0.074745842
E176N;0.936801121;-0.094185293
E176Q;0.876837103;-0.189619249
E176P;0.988697739;-0.016398563
E176S;0.77681857;-0.364350406
E176R;1.00281634;0.004057408
E176T;0.93003221;-0.104647413
E176V;0.968400431;-0.046324374
E176Y;0.689464008;-0.536452855
G177A;1.045686049;0.06444977
G177C;0.957656588;-0.062419691
G177E;0.965640707;-0.050441599
G177D;1.015404036;0.022053899
G177F;1.126075866;0.171304027
G177I;1.142658116;0.192393812
G177H;0.971818675;-0.041240939
G177L;0.840534857;-0.250620445
G177N;0.951644001;-0.071506117
G177P;0.876968356;-0.189403308
G177S;0.94939709;-0.074916466
G177R;0.960332901;-0.05839349
G177T;0.858351513;-0.220359512
G177W;0.91353342;-0.130470587
G177V;1.039998499;0.056581446
G177Y;0.862694585;-0.213078195
A178C;0.97705806;-0.033483801
A178E;0.911374429;-0.133884203
A178D;0.993007503;-0.010123476
A178G;0.95101882;-0.072454204
A178F;0.986604836;-0.019455736
A178I;1.129310248;0.175441883
A178H;1.061903443;0.086652591
A178L;0.894915938;-0.160175923
A178N;0.827720415;-0.272784555
A178Q;0.798684735;-0.324301955
A178P;0.924839134;-0.11272565
A178S;1.016407216;0.023478523
A178R;0.899918172;-0.152134269
A178T;0.982946977;-0.0248145
A178V;1.024489614;0.034905359
A178Y;0.946710419;-0.079004895
A179C;0.667790118;-0.582533351
A179E;0.485330641;-1.042960147
A179D;0.589099698;-0.763416281
A179G;0.955147086;-0.06620518
A179F;0.921177443;-0.118449011
A179I;0.406538144;-1.298537374
A179H;0.57446121;-0.799718616
A179L;0.63322325;-0.659213866
A179N;0.223637089;-2.160768625
A179P;0.368011134;-1.442178679
A179S;0.964776256;-0.051733693
A179R;0.649578948;-0.622423217
A179T;0.632446651;-0.660984305
A179V;0.624416197;-0.679420135
A179Y;0.708215258;-0.497740168
K180A;0.825992415;-0.275799562
K180E;0.998266373;-0.002503266
K180D;0.901048808;-0.150322839
K180G;0.893960624;-0.161716808
K180I;0.967442824;-0.047751694
K180H;0.872907487;-0.196099334
K180M;0.942127619;-0.086005597
K180L;0.964763413;-0.051752899
K180N;0.948953542;-0.075590636
K180Q;1.012571795;0.018024203
K180P;0.638189924;-0.647942264
K180S;0.921122873;-0.118534478
K180R;1.001866279;0.002689962
K180T;0.988981057;-0.015985207
K180W;1.020306339;0.029002375
K180V;0.992267103;-0.011199571
K180Y;0.901095418;-0.150248212
E181A;0.867824446;-0.204524868
E181D;1.025900382;0.036890648
E181G;0.86888267;-0.20276672
E181F;0.420519614;-1.249755001
E181I;0.771008399;-0.375181518
E181H;0.885787956;-0.174966714
E181K;0.79810541;-0.325348792
E181L;0.945093468;-0.081471078
E181N;0.889396142;-0.169101949
E181Q;0.901113459;-0.150219328
E181P;0.619066579;-0.691833519
E181S;0.773149367;-0.371180935
E181R;0.617774016;-0.694848904
E181T;0.934902623;-0.09711199
E181V;0.880837011;-0.183053005
E181Y;0.911556806;-0.133595531
A182C;0.854751825;-0.226422497
A182E;0.088422603;-3.499440992
A182D;0.074935477;-3.738207286
A182G;0.697171277;-0.520414961
A182F;0.338035594;-1.564752929
A182I;0.822755767;-0.281463861
A182H;0.024014099;-5.379974529
A182L;0.773448773;-0.370622353
A182N;0.056125975;-4.155187593
A182P;0.091569885;-3.448982977
A182S;0.917549262;-0.124142478
A182R;0.066774381;-3.90456149
A182T;0.91624181;-0.126199697
A182V;1.010176792;0.014607803
A182Y;0.078900168;-3.66382781
I183A;0.878095887;-0.187549606
I183C;1.025858095;0.03683118
I183D;0.294973179;-1.761344316
I183G;0.690436283;-0.534419814
I183F;0.766240116;-0.384131535
I183H;0.950202249;-0.073693474
I183K;1.008202305;0.011785158
I183M;0.96639938;-0.049308565
I183L;0.922618922;-0.116193214
I183N;0.717395337;-0.479159726
I183Q;0.993020502;-0.01010459
I183P;0.130064385;-2.942702129
I183S;0.755204745;-0.405060266
I183R;0.934328072;-0.097998881
I183T;0.95100536;-0.072474623
I183V;1.024614326;0.035080969
I183Y;0.803558133;-0.315525697
D184A;0.920251617;-0.119899715
D184C;0.870197167;-0.200585774
D184E;1.064362616;0.089989744
D184G;0.886958521;-0.173061457
D184F;0.874958599;-0.192713341
D184I;0.804472306;-0.313885339
D184H;0.894010198;-0.161636807
D184K;0.833938855;-0.261986486
D184L;1.178789754;0.237306425
D184N;0.869828385;-0.201197307
D184Q;1.035312265;0.050065971
D184P;0.673059926;-0.571193133
D184S;0.894479409;-0.160879823
D184R;1.178738395;0.237243567
D184T;0.883194126;-0.179197517
D184V;0.89532811;-0.159511612
D184Y;0.90858969;-0.13829916
A185C;0.985819453;-0.020604646
A185E;0.993225532;-0.009806747
A185D;0.823479553;-0.280195267
A185G;0.818152949;-0.289557524
A185F;0.758282508;-0.399192651
A185I;1.112554455;0.153875951
A185H;0.494886053;-1.01483171
A185L;0.86344347;-0.211826367
A185N;0.943646015;-0.083682325
A185P;0.077938088;-3.681527648
A185S;0.939967582;-0.089317094
A185R;0.560930885;-0.834105075
A185T;1.028322362;0.040292596
A185V;0.960047607;-0.058822147
A185Y;0.760847429;-0.394320913
L186A;0.645219625;-0.632137775
L186C;0.917884755;-0.123615068
L186E;0.392787653;-1.348178516
L186G;0.479377333;-1.060766402
L186F;0.590106004;-0.760953959
L186I;1.094817912;0.130690944
L186K;0.609795733;-0.713602039
L186M;0.692146915;-0.530849798
L186Q;0.411377884;-1.281463861
L186P;0.221923395;-2.171866334
L186S;0.719068969;-0.475797943
L186R;0.609304468;-0.714764775
L186T;0.753716955;-0.407905248
L186W;0.57760906;-0.791834723
L186V;1.042199053;0.059630849
L186Y;0.505133773;-0.985262591
N187A;1.408195559;0.493847698
N187C;0.974205714;-0.03770165
N187E;0.96757416;-0.047555853
N187D;0.962531812;-0.055093872
N187G;0.958689329;-0.060864721
N187F;0.924012367;-0.114015934
N187I;0.769871911;-0.377309661
N187H;0.992637585;-0.010661014
N187K;1.034804345;0.049358017
N187M;1.171809215;0.2287377
N187L;0.96846812;-0.046223535
N187Q;1.000988138;0.001424878
N187P;0.464477724;-1.106318688
N187S;1.039508749;0.0559019
N187R;1.027414547;0.039018406
N187T;1.0405576;0.057356827
N187V;0.81084922;-0.302494429
N187Y;0.955870023;-0.065113638
G188A;0.827014353;-0.274015726
G188C;0.810427711;-0.303244589
G188E;0.949142115;-0.075303976
G188D;0.773161816;-0.371157706
G188F;0.574623075;-0.799312166
G188I;0.129914782;-2.944362499
G188H;0.863766081;-0.21128743
G188L;0.592232492;-0.75576445
G188N;0.829428563;-0.269810364
G188P;0.192219046;-2.379176799
G188S;0.937625076;-0.092916941
G188R;1.279470658;0.355547063
G188T;0.863398621;-0.211901306
G188W;0.347385768;-1.525389444
G188V;0.352351137;-1.504914226
G188Y;0.540353386;-0.88802487
M189A;0.778353075;-0.361503359
M189E;0.716211855;-0.481541696
M189G;0.801629647;-0.318992229
M189F;0.871993096;-0.197611382
M189I;0.923263263;-0.115186013
M189K;0.761294156;-0.393474091
M189L;1.04303602;0.060788981
M189N;0.80054805;-0.320940096
M189Q;0.890765183;-0.166882926
M189P;0.270893736;-1.884201063
M189S;0.617171502;-0.696256649
M189R;0.696916156;-0.520942995
M189T;0.780911993;-0.356768126
M189W;0.860378775;-0.216956161
M189V;0.940465321;-0.088553349
L190A;1.089639727;0.123851209
L190E;0.991558888;-0.012229639
L190G;0.736799305;-0.440656395
L190F;1.020502945;0.029280346
L190I;0.995115482;-0.007064136
L190H;0.909375494;-0.137051968
L190K;0.798423642;-0.324773655
L190M;0.98449501;-0.022544201
L190Q;0.930791897;-0.103469444
L190P;0.954500969;-0.067181433
L190S;0.792113094;-0.336221669
L190R;0.932539433;-0.100763362
L190T;1.143818115;0.19385766
L190W;0.784803056;-0.349597435
L190V;1.021934262;0.031302394
L191A;0.853018048;-0.229351828
L191C;1.021809582;0.031126369
L191E;0.796305074;-0.328606844
L191G;0.578387847;-0.789890855
L191F;1.02186369;0.031202762
L191I;1.155247436;0.208201888
L191H;0.583242422;-0.777832438
L191K;0.644121407;-0.634595455
L191M;1.023319734;0.033256982
L191Q;0.64116662;-0.641228777
L191P;0.520881349;-0.940973315
L191S;0.917796963;-0.123753062
L191R;0.825313557;-0.276985756
L191T;0.809682619;-0.304571587
L191W;0.646856373;-0.628482681
L191V;1.030155189;0.04286169
L191Y;0.831808743;-0.265676246
N192A;0.989202983;-0.015661504
N192C;1.028335879;0.04031156
N192E;1.229206413;0.297727199
N192D;0.995612316;-0.006344018
N192G;0.920909087;-0.118869356
N192F;0.781487383;-0.355705514
N192I;0.937524048;-0.093072398
N192H;0.771378206;-0.374489708
N192K;0.925284516;-0.112031046
N192M;0.703740782;-0.506883975
N192L;0.803772765;-0.315140402
N192Q;0.988747982;-0.01632525
N192P;0.167194545;-2.580400313
N192S;0.968018551;-0.0468934
N192R;0.866139172;-0.207329237
N192T;1.00384307;0.005533751
N192W;0.551095202;-0.859626529
N192V;1.13128918;0.177967758
N192Y;0.69238734;-0.530348749
G193A;0.994089168;-0.00855283
G193C;0.933225191;-0.099702843
G193E;0.782166483;-0.35445238
G193D;1.022131157;0.031580331
G193F;0.814528209;-0.295963431
G193I;0.448511108;-1.156784377
G193H;1.206708458;0.271077162
G193L;0.968613516;-0.046006961
G193N;1.013348646;0.019130624
G193P;0.203456659;-2.297206597
G193S;1.048120097;0.067804035
G193R;0.997456334;-0.003674409
G193T;0.789845536;-0.34035755
G193W;0.645337128;-0.631875065
G193V;0.645759188;-0.630931829
G193Y;0.637007453;-0.650617842
Q194A;1.091049501;0.125716558
Q194C;2.868778599;1.520436631
Q194E;1.078387558;0.108875756
Q194D;1.020224754;0.02888701
Q194G;1.018160262;0.025964664
Q194I;0.940740064;-0.088131949
Q194H;1.106452862;0.14594199
Q194K;1.048921589;0.068906835
Q194L;1.068201167;0.095183366
Q194N;1.171251225;0.228050557
Q194P;0.387851124;-1.366425111
Q194S;1.153527183;0.206052002
Q194R;1.128068907;0.173855196
Q194T;1.06879892;0.095990456
Q194V;0.973517143;-0.038721711
Q194Y;1.016358362;0.023409178
E195A;0.963037742;-0.054335756
E195D;0.986846317;-0.019102666
E195G;0.982113709;-0.026038026
E195F;0.734518192;-0.445129872
E195I;0.998389223;-0.002325733
E195H;1.073649351;0.102522892
E195K;1.072498521;0.100975658
E195L;0.922013168;-0.11714074
E195N;0.982742093;-0.025115243
E195Q;0.976396087;-0.034461582
E195P;0.891029452;-0.166454975
E195S;1.053873928;0.075702291
E195R;0.959095343;-0.060253855
E195T;1.177805262;0.236101024
E195V;0.939699592;-0.089728473
E195Y;0.950719637;-0.072908135
I196A;0.841103269;-0.249645153
I196C;0.825232881;-0.277126789
I196D;0.098324393;-3.346306816
I196G;0.036021148;-4.795012028
I196F;0.813812083;-0.297232395
I196H;0.152393594;-2.714125836
I196K;0.038926079;-4.683119148
I196M;1.050810932;0.071503115
I196L;1.106330975;0.145783054
I196N;0.087992657;-3.506473056
I196P;0.269063372;-1.893982084
I196S;0.278667843;-1.843381562
I196R;0.07021443;-3.832088637
I196T;0.830127581;-0.268595016
I196V;1.049993656;0.070380612
I196Y;0.308585751;-1.696256649
Y197A;0.839083323;-0.253114013
Y197C;0.670965463;-0.575689587
Y197E;0.153338644;-2.705206769
Y197D;0.258099142;-1.954002748
Y197G;0.522133468;-0.93750946
Y197F;0.896740007;-0.157238332
Y197I;0.790602093;-0.33897632
Y197H;0.675273848;-0.566455409
Y197K;0.718390639;-0.477159544
Y197L;0.630036085;-0.666493634
Y197N;0.523818869;-0.932860065
Y197Q;0.61331057;-0.705310281
Y197P;0.040416073;-4.628927048
Y197S;0.527856762;-0.9217816
Y197R;0.819824831;-0.286612408
Y197T;0.596723963;-0.744864382
Y197W;0.483217325;-1.049255913
Y197V;0.706631079;-0.500970891
V198A;1.085770394;0.118719051
V198C;0.927632561;-0.108374634
V198D;0.313196428;-1.674860338
V198G;0.3420948;-1.54753192
V198F;0.202743853;-2.302269924
V198I;1.170472458;0.227090987
V198H;0.050987681;-4.293707457
V198M;0.830848447;-0.267342753
V198L;1.043956695;0.062061869
V198P;0.078357692;-3.673781284
V198S;0.586686985;-0.769337106
V198R;0.091263665;-3.4538156
V198T;0.793452137;-0.333784896
A199C;1.162015553;0.216629378
A199E;0.293941804;-1.766397543
A199D;0.234994571;-2.089300665
A199G;1.099738901;0.137161041
A199F;0.219401538;-2.188354456
A199H;0.951443208;-0.071810551
A199L;0.464970232;-1.10478974
A199P;0.069190814;-3.853275666
A199S;0.820620117;-0.285213573
A199T;0.822250097;-0.282350822
A199V;0.867020788;-0.205861511
P200A;1.022150666;0.031607867
P200D;0.338725181;-1.561812852
P200G;1.33915207;0.421319798
P200F;1.162015553;0.216629378
P200I;1.02570219;0.036611909
P200H;1.030841169;0.043822061
P200L;0.990326208;-0.014024276
P200N;1.05266057;0.074040315
P200Q;1.379698133;0.464352651
P200S;1.052319688;0.073573052
P200R;1.133948359;0.18135494
P200T;1.005246804;0.007549749
P200V;0.976336844;-0.03454912
